event_id,date,published_date,country,sector,domain,entity,event_title,event_summary,source_name,source_type,source_url,source_tier,secondary_sources,space_compute_relevance_score,industry_impact_score,novelty_score,total_score,priority,reason_for_priority,include_in_report,implication,meaning_for_us,next_watch,analyst_note,source_discovery_flag
2026-W28-EVT-068,2026-07-06,2026-07-06,US,Policy,Commercial_Space,SpaceX,"SpaceX files FCC application for a 100,000-satellite Gen3 Starlink constellation","SpaceX sought FCC authority for a 100,000-satellite Gen3 system using two VLEO shell groups and expanded high-frequency links.",通信世界网,Industry_Media,https://www.cww.net.cn/article?id=611492,A_Active,,4,5,5,4.50,S,已补扫并核实；按同心圆、产业影响和新颖性评分。,Yes,申请把星链从宽带星座进一步推向面向政府、企业和 AI 设备的超大容量网络，频谱与发射能力将成为首要约束。,这是太空算力数据通道与星间网络规模化的重要上游信号。,FCC 受理、反对意见、处理轮次与分阶段授权规模。,阶段1补扫；事实按所列来源核实。,Pass_A_Supplement
2026-W28-EVT-073,2026-07-08,2026-07-08,US,Policy,Space_Compute,Environmental and science groups / FCC,Groups call for federal environmental review of orbital data-center proposals,Environmental and scientific groups called for federal review of proposed orbital data-center constellations and challenged the absence of FCC environmental assessment.,Space.com,Core_Media,https://www.space.com/astronomy/earth/reckless-space-based-data-centers-lack-environmental-review-drawing-criticism,A_Active,,5,4,4,4.50,S,已补扫并核实；按同心圆、产业影响和新颖性评分。,Yes,轨道数据中心首次更明确地进入 NEPA 与星座环境治理争议，商业模式的监管成本可能前置。,产品路线不能只算发射和能源，还要把再入、光污染与累计环境影响纳入可行性。,FCC 是否要求项目级或累积性环境审查。,阶段1补扫；事实按所列来源核实。,Pass_A_Supplement
2026-W28-EVT-081,2026-07-10,2026-07-10,China,Technology,Commercial_Space,中国运载火箭技术研究院,长征十号乙完成首次可控回收和全球首次海上网系回收,长征十号乙将卫星送入预定轨道，并以海上网系方式完成一级垂直回收。,国家航天局,Official,https://www.cnsa.gov.cn/n6758823/n6758838/c10761540/content.html,S_Core,,4,5,5,4.50,S,已补扫并核实；按同心圆、产业影响和新颖性评分。,Yes,中国大运力低成本进入空间能力跨过关键工程验证节点，直接改善大规模算力星座的部署经济性。,重点评估回收后复飞、周转周期和单位发射成本，而非只看首次回收。,一级复飞、回收后检测结果与年度发射节奏。,阶段1补扫；事实按所列来源核实。,Pass_A_Supplement
2026-W28-EVT-082,2026-07-10,2026-07-10,US,Technology,Space_Compute,NASA / Sandia / Aerospace Corp.,NASA R5-S9 CubeSat launches edge-computing and optical-communications demonstrations,NASA's R5-S9 CubeSat launched on Transporter-17 with an edge-computing payload for autonomous observation and a low-cost optical communications demo.,NASA,Official,https://www.nasa.gov/blogs/smallsatellites/2026/07/10/nasa-cubesat-to-speed-technology-testing-in-orbit/,S_Core,,5,4,5,4.70,S,已补扫并核实；按同心圆、产业影响和新颖性评分。,Yes,这是本周最直接的星上边缘计算实证之一，把 COTS 小卫星平台、自治观测和光通信放进同一在轨验证。,应拆解其处理器、模型任务、功耗和数据下行节省比例，作为产品基准。,在轨开机、演示结果和技术参数披露。,阶段1补扫；事实按所列来源核实。,Pass_A_Supplement
2026-W28-EVT-041,2026-07-06,2026-07-06,China,Technology,Commercial_Space,待阶段3原文复核,我国成功发射千帆星座组网卫星,页面级候选：自动读取确认页面含本周日期；具体事件事实与相关性待阶段3原文复核。,cnsa.gov.cn,Official,https://www.cnsa.gov.cn/n6758823/n6758838/c10760960/content.html,S_Core,,4,4,4,4.00,A,阶段3去重后保留的独立事件；弱相关项仅作Brief。,Yes,千帆组网继续推进，新增在轨载体将扩大星上处理和数据网络的部署基座。,用于校准星上计算的载体、数据管线、芯片或治理环境。,后续官方节点、技术指标、合同或在轨验证结果。,Pass_A 日期命中；不可直接作为正文事实。；阶段3原子化复核后保留。,Pass_A
2026-W28-EVT-054,2026-07-06,2026-07-06,US,Technology,Commercial_Space,待阶段3原文复核,NASA Seeks Industry Input on Second Phase of Commercial Space Stations - NASA,页面级候选：自动读取确认页面含本周日期；具体事件事实与相关性待阶段3原文复核。,nasa.gov,Official,https://www.nasa.gov/humans-in-space/commercial-space/nasa-seeks-industry-input-on-second-phase-of-commercial-space-stations/,S_Core,,4,4,4,4.00,A,阶段3去重后保留的独立事件；弱相关项仅作Brief。,Yes,NASA 商业空间站二阶段 RFP 把在轨平台从示范推向采购，是未来计算载荷的重要承载和客户入口。,用于校准星上计算的载体、数据管线、芯片或治理环境。,后续官方节点、技术指标、合同或在轨验证结果。,Pass_A 日期命中；不可直接作为正文事实。；阶段3原子化复核后保留。,Pass_A
2026-W28-EVT-056,2026-07-06,2026-07-06,US,Technology,Commercial_Space,待阶段3原文复核,NASA’s CAPSTONE Completes Extended Mission Testing Lunar Technologies - NASA,页面级候选：自动读取确认页面含本周日期；具体事件事实与相关性待阶段3原文复核。,nasa.gov,Official,https://www.nasa.gov/technology/space-comms/nasas-capstone-completes-extended-mission-testing-lunar-technologies/,S_Core,,4,4,4,4.00,A,阶段3去重后保留的独立事件；弱相关项仅作Brief。,Yes,CAPSTONE 结束扩展任务，积累月球轨道导航和网络技术证据。,用于校准星上计算的载体、数据管线、芯片或治理环境。,后续官方节点、技术指标、合同或在轨验证结果。,Pass_A 日期命中；不可直接作为正文事实。；阶段3原子化复核后保留。,Pass_A
2026-W28-EVT-066,2026-07-06,2026-07-06,US,Policy,Commercial_Space,U.S. House of Representatives,H.R.9592 American Space Leadership for the 21st Century Act introduced,H.R.9592 was introduced in the House on July 6 as a new U.S. space-policy bill.,GovInfo,Official,https://www.govinfo.gov/app/details/BILLS-119hr9592ih,S_Core,,3,4,5,3.70,A,已补扫并核实；按同心圆、产业影响和新颖性评分。,Yes,美国把商业航天领导力继续向立法工具推进，后续委员会文本将决定采购、监管与产业支持的具体边界。,跟踪法案是否纳入星上计算、卫星网络或关键芯片条款。,委员会转介、听证与修订文本。,阶段1补扫；事实按所列来源核实。,Pass_A_Supplement
2026-W28-EVT-069,2026-07-06,2026-07-06,US,Policy,Commercial_Space,CesiumAstro,CesiumAstro files FCC application for 737-satellite Synchronicity constellation,CesiumAstro filed for a 737-satellite constellation designed to provide reconfigurable connectivity to fixed and mobile users.,Via Satellite,Core_Media,https://www.satellitetoday.com/connectivity/2026/07/07/cesiumastro-files-for-737-satellite-synchronicity-constellation/,A_Active,,4,4,4,4.00,A,已补扫并核实；按同心圆、产业影响和新颖性评分。,Yes,可重构相控阵星座方案强化了按需分配带宽的路线，直接影响星上处理与网络调度架构。,关注其是否把波束形成、路由和边缘处理进一步上移到星上。,FCC 处理轮次、首批卫星合同与频谱协调。,阶段1补扫；事实按所列来源核实。,Pass_A_Supplement
2026-W28-EVT-072,2026-07-06,2026-07-06,US,Policy,Commercial_Space,FCC / Amazon / Globalstar,FCC comment window reaches deadline in Amazon-Globalstar transaction review,The FCC review of Amazon's proposed Globalstar acquisition reached its initial public-comment deadline on July 6.,Via Satellite,Core_Media,https://www.satellitetoday.com/connectivity/2026/06/08/fcc-kicks-off-review-of-amazon-globalstar-deal/,A_Active,,4,5,3,4.10,A,已补扫并核实；按同心圆、产业影响和新颖性评分。,Yes,交易把频谱、卫星资产与低轨宽带网络整合到同一监管审查中，可能重塑 D2D 与星地通信竞争。,关注频谱协同和监管条件是否形成可复制的星座并购范式。,FCC 回复意见、补充材料与反垄断条件。,阶段1补扫；事实按所列来源核实。,Pass_A_Supplement
2026-W28-EVT-086,2026-07-07,2026-07-07,US,Technology,Commercial_Space,SES Space & Defense,SES Space & Defense wins five-year Ku-band services BPA,SES Space & Defense won a five-year BPA enabling U.S. military branches to procure global managed Ku-band satellite connectivity.,SES,Company,https://www.ses.com/news/press-release/ses-space-defense-wins-bpa-to-deliver-flexible-satellite-connections,S_Core,,4,4,4,4.00,A,已补扫并核实；按同心圆、产业影响和新颖性评分。,Yes,军方把托管卫通服务采购标准化，商业星座的数据通道正更深地嵌入任务体系。,关注合同是否扩展到动态路由、边缘处理和多轨网络编排。,任务订单金额、终端伙伴和首个部署场景。,阶段1补扫；事实按所列来源核实。,Pass_A_Supplement
2026-W28-EVT-087,2026-07-07,2026-07-07,US,Technology,Commercial_Space,Rocket Lab / U.S. Space Force,Rocket Lab reports VICTUS HAZE responsive-space mission milestone,"Rocket Lab reported the VICTUS HAZE mission achieved a 16-hour-42-minute launch response and combined spacecraft, launch and on-orbit operations under one prime.",Rocket Lab,Company,https://investors.rocketlabcorp.com/node/12881/pdf,S_Core,,4,4,4,4.00,A,已补扫并核实；按同心圆、产业影响和新颖性评分。,Yes,端到端快速响应任务把制造、发射和在轨操作压缩为一体化服务，验证任务即服务的组织形态。,与太空算力商业化相似，关键不只是硬件上天，而是可被快速调用的完整任务链。,后续 TacRS 订单、在轨交会结果和重复交付周期。,阶段1补扫；事实按所列来源核实。,Pass_A_Supplement
2026-W28-EVT-099,2026-07-07,2026-07-07,US,Technology,Commercial_Space,City Labs,BOHR becomes first nuclear-powered commercial satellite launched under FAA approval,City Labs' BOHR satellite launched on Transporter-17 using a betavoltaic power source under the FAA nuclear-launch approval process.,Space.com,Core_Media,https://www.space.com/space-exploration/launches-spacecraft/spacex-just-launched-the-1st-ever-nuclear-powered-commercial-satellite,A_Active,,4,4,5,4.20,A,已补扫并核实；按同心圆、产业影响和新颖性评分。,Yes,长寿命小型核电源进入商业卫星在轨验证，为受太阳能和轨道光照限制的持续计算载荷增加供能路线。,评估其功率密度、寿命、许可成本和对星上计算任务的适配性。,在轨功率表现、监管复用和后续商业订单。,阶段1补扫；事实按所列来源核实。,Pass_A_Supplement
2026-W28-EVT-101,2026-07-07,2026-07-07,Global,Technology,Commercial_Space,ICEYE,ICEYE launches four Gen4 and national-mission SAR satellites on Transporter-17,"ICEYE launched four satellites on Transporter-17, including a Gen4 commercial SAR spacecraft and dedicated national-mission satellites.",ICEYE,Company,https://www.iceye.com/newsroom/press-releases/iceye-launches-four-new-satellites-aboard-transporter-17?hs_amp=true,S_Core,,4,4,4,4.00,A,已补扫并核实；按同心圆、产业影响和新颖性评分。,Yes,SAR 星座继续扩容并绑定国家任务，强化高时效数据供给与星上筛选处理需求。,跟踪 Gen4 是否提升星上处理、重访和任务调度能力。,在轨开机、客户任务、分辨率与交付时延。,阶段1补扫；事实按所列来源核实。,Pass_A_Supplement
2026-W28-EVT-138,2026-07-07,2026-07-07,China,Financing,Commercial_Space,星际原点航天科技（上海）有限公司,星际原点航天科技（上海）有限公司完成融资,融资轮次/事件：Financing；金额：RMB 数千万元（约 USD 数百万）；投资方：上海科创策源基金；梅花创投；九合创投；上海天使会；业务方向：太空算力网络建设服务商。,企查查（境内）,Database,N/A,Manual,,4,3,4,3.70,A,企查查行业筛选后保留；正文选择按融资30%上限、三子板块下限、金额与路径优先级压减。,Brief,太空算力网络创业公司获数千万元，是本周直接赛道资本信号；金额仍对应早期验证，不足以证明网络已具备商业闭环。,用于识别供应链能力、潜在合作方与竞争性资本流向。,首个在轨节点、算力/带宽指标、调用接口和付费客户。,企查查全行业筛选；原币=数千万元；RMB=RMB 数千万元；USD=约 USD 数百万；source_seq=148,Manual_QCC
2026-W28-EVT-159,2026-07-07,2026-07-07,美国,Financing,Commercial_Space,Ravee Optics,Ravee Optics完成融资,融资轮次/事件：Financing；金额：USD 6M（约 RMB 4083.2万元）；投资方：BIG Global Investment JSC ，；CincyTech；JobsOhio；业务方向：微型激光通信终端研发商。,企查查（境外）,Database,N/A,Manual,,4,3,4,3.70,A,企查查行业筛选后保留；正文选择按融资30%上限、三子板块下限、金额与路径优先级压减。,Brief,600 万美元投向微型激光通信终端，资金规模对应从样机走向产品的早期阶段；路线直指小卫星高速互联，但交付能力尚待证明。,用于识别供应链能力、潜在合作方与竞争性资本流向。,终端重量/功耗/速率、在轨演示、首批星座订单。,企查查全行业筛选；原币=600万美元；RMB=约 RMB 4083.2万元；USD=USD 6M；source_seq=45,Manual_QCC
2026-W28-EVT-102,2026-07-08,2026-07-08,US,Technology,Space_Compute,Vantor,Vantor unveils near-real-time WorldView 3D satellite product,"Vantor unveiled WorldView 3D, combining multi-angle satellite imagery into frequently refreshed 3D terrain products for mission users.",Space.com,Core_Media,https://www.space.com/space-exploration/satellites/this-is-the-future-of-spatial-intelligence-vantor-unveils-stunning-3d-satellite-views-of-earth-photos,A_Active,,4,4,4,4.00,A,已补扫并核实；按同心圆、产业影响和新颖性评分。,Yes,遥感产品从影像交付升级为接近实时的三维空间智能，价值链向计算与可调用数据服务迁移。,这是“星上能力变为可调用服务”的直接商业参照，应关注处理发生在星上还是地面。,API 调用、刷新时延、处理架构和客户付费。,阶段1补扫；事实按所列来源核实。,Pass_A_Supplement
2026-W28-EVT-118,2026-07-09,2026-07-09,China,Financing,Commercial_Space,氦星光联科技（深圳）有限公司,氦星光联科技（深圳）有限公司完成融资,融资轮次/事件：Financing；金额：未披露；投资方：武汉高科；业务方向：卫星激光通信设备研制商。,企查查（境内）,Database,N/A,Manual,,4,3,4,3.70,A,企查查行业筛选后保留；正文选择按融资30%上限、三子板块下限、金额与路径优先级压减。,Brief,地方产业资本直接投入卫星激光通信设备，传输瓶颈正成为星上处理之后的必争环节；未披露金额意味着产能扩张强度仍无法判断。,用于识别供应链能力、潜在合作方与竞争性资本流向。,终端重量/速率、在轨链路时长、星座批量订单。,企查查全行业筛选；原币=-；RMB=-；USD=-；source_seq=54,Manual_QCC
2026-W28-EVT-123,2026-07-09,2026-07-09,China,Financing,Commercial_Space,瑞启深空科技（苏州）有限公司,瑞启深空科技（苏州）有限公司完成融资,融资轮次/事件：Financing；金额：RMB 2.2亿元（约 USD 32.34M）；投资方：卓璞资本；苏高新金控；苏高新集团；业务方向：太空数据服务提供商。,企查查（境内）,Database,N/A,Manual,,4,4,4,4.00,A,企查查行业筛选后保留；正文选择按融资30%上限、三子板块下限、金额与路径优先级压减。,Brief,2.2 亿元投向太空数据服务，说明资本开始押注“数据可交付”而非只造卫星；真正分水岭是数据时延、可调用性和付费客户。,用于识别供应链能力、潜在合作方与竞争性资本流向。,数据产品、API/交付时延、付费客户与自有/合作星座。,企查查全行业筛选；原币=2.2亿元；RMB=RMB 2.2亿元；USD=约 USD 32.34M；source_seq=76,Manual_QCC
2026-W28-EVT-104,2026-07-11,2026-07-11,China,Financing,Commercial_Space,北京星河动力航天科技股份有限公司,北京星河动力航天科技股份有限公司完成融资,融资轮次/事件：Financing；金额：RMB 数亿元（约 USD 数千万）；投资方：广汽资本；众擎基金；开投基金；国新基金；金骏投资；业务方向：商业运载火箭研发商。,企查查（境内）,Database,N/A,Manual,,4,4,4,4.00,A,企查查行业筛选后保留；正文选择按融资30%上限、三子板块下限、金额与路径优先级压减。,Brief,数亿元融资说明中国商业火箭仍在向规模化交付集中资本；对太空算力的价值不在火箭概念本身，而在发射频次和单公斤成本能否真正下降。,用于识别供应链能力、潜在合作方与竞争性资本流向。,新型号首飞、年度交付枚数、复飞或单公斤报价。,企查查全行业筛选；原币=数亿元；RMB=RMB 数亿元；USD=约 USD 数千万；source_seq=3,Manual_QCC
2026-W28-EVT-002,2026-07-06,2026-07-06,China,Technology,Commercial_Space,待阶段3原文复核,北京：第四届国际商业航天遥感卫星应用大会开幕-人民图片网,页面级候选：自动读取确认页面含本周日期；具体事件事实与相关性待阶段3原文复核。,tuyou.people.com.cn,Industry_Media,http://tuyou.people.com.cn/albumsDetail?aid=2098412&pid=15784762,Watch,,3,3,3,3.00,B,阶段3去重后保留的独立事件；弱相关项仅作Brief。,Brief,商业遥感应用大会体现需求侧生态活跃，但尚未形成星上计算实证。,用于校准星上计算的载体、数据管线、芯片或治理环境。,后续官方节点、技术指标、合同或在轨验证结果。,Pass_A 日期命中；不可直接作为正文事实。；阶段3原子化复核后保留。,Pass_A
2026-W28-EVT-040,2026-07-06,2026-07-06,China,Technology,Commercial_Space,待阶段3原文复核,天问二号探测器抵达目标小行星开展科学探测,页面级候选：自动读取确认页面含本周日期；具体事件事实与相关性待阶段3原文复核。,cnsa.gov.cn,Official,https://www.cnsa.gov.cn/n6758823/n6758838/c10760422/content.html,S_Core,,3,4,4,3.50,B,阶段3去重后保留的独立事件；弱相关项仅作Brief。,Brief,天问二号完成小行星交会并用光学导航数据收敛星历误差，验证深空自主导航与数据处理链。,用于校准星上计算的载体、数据管线、芯片或治理环境。,后续官方节点、技术指标、合同或在轨验证结果。,Pass_A 日期命中；不可直接作为正文事实。；阶段3原子化复核后保留。,Pass_A
2026-W28-EVT-050,2026-07-06,2026-07-06,China,Policy,AI,待阶段3原文复核,李乐成率团出席联合国人工智能治理全球对话首次会议等系列活动,页面级候选：自动读取确认页面含本周日期；具体事件事实与相关性待阶段3原文复核。,miit.gov.cn,Official,https://www.miit.gov.cn/xwfb/bldhd/art/2026/art_7b206a82ae3844fd981ff3e42daf0267.html,S_Core,,2,4,3,2.80,B,阶段3去重后保留的独立事件；弱相关项仅作Brief。,Brief,中国参与联合国 AI 治理对话，影响算力与数据治理的外部规则环境。,用于校准星上计算的载体、数据管线、芯片或治理环境。,后续官方节点、技术指标、合同或在轨验证结果。,Pass_A 日期命中；不可直接作为正文事实。；阶段3原子化复核后保留。,Pass_A
2026-W28-EVT-071,2026-07-06,2026-07-06,US,Policy,Commercial_Space,SpaceX / FCC,SpaceX semiannual report discloses 260 Starlink disposals as FCC weighs NEPA treatment,"SpaceX's FCC report disclosed 260 controlled Starlink disposals in six months, intensifying debate over environmental review of large constellations.",IT之家,Industry_Media,https://www.ithome.com/0/972/970.htm,Watch,,3,4,4,3.50,B,已补扫并核实；按同心圆、产业影响和新颖性评分。,Brief,超大星座的更新速度开始把再入环境影响从技术问题推向监管问题。,太空算力星座若规模化，同样需要提前设计退役、材料与环境合规路径。,FCC NEPA 提案文本、环境评估要求与运营商披露口径。,阶段1补扫；事实按所列来源核实。,Pass_A_Supplement
2026-W28-EVT-074,2026-07-06,2026-07-06,China,Policy,AI,北京市市场监管部门,北京发布首部智算中心技术要求地方标准,北京发布首部面向智算中心的技术要求地方标准，为建设与运维提供统一指标框架。,新华网,Official_Media,http://bj.news.cn/20260706/ab99300d23264d1998f33064f1e40949/c.html,A_Active,,2,4,4,3.00,B,已补扫并核实；按同心圆、产业影响和新颖性评分。,Brief,地方智算基础设施从项目建设转向标准化验收，为太空算力与地面算力接口提供对照基线。,可用于反推星上节点与地面智算中心在能效、调度和可靠性指标上的差异化。,标准全文、实施范围与首批认证项目。,阶段1补扫；事实按所列来源核实。,Pass_A_Supplement
2026-W28-EVT-093,2026-07-06,2026-07-06,China,Technology,Commercial_Space,长征六号甲,长征六号甲完成第25次发射,长征六号甲完成第25次发射任务，继续支持国内卫星组网部署。,腾讯新闻,Industry_Media,https://news.qq.com/rain/a/20260706A086QL00,Watch,,3,3,3,3.00,B,已补扫并核实；按同心圆、产业影响和新颖性评分。,Brief,中型运载火箭的稳定批次执行支撑星座部署节奏，但成本改善仍取决于复用与产能。,把发射频次与算力卫星实际入轨数量联动跟踪。,任务载荷、后续发射间隔与产线节拍。,阶段1补扫；事实按所列来源核实。,Pass_A_Supplement
2026-W28-EVT-140,2026-07-06,2026-07-06,China,Financing,Chip,星钥半导体（武汉）有限公司,星钥半导体（武汉）有限公司完成融资,融资轮次/事件：Financing；金额：RMB 数亿元（约 USD 数千万）；投资方：海通创意资本；中天汇富；君科丹木基金；鼎晖投资；江苏高投；国君创投；业务方向：硅基氮化镓LED外延技术研发商。,企查查（境内）,Database,N/A,Manual,,2,4,3,2.80,B,企查查行业筛选后保留；正文选择按融资30%上限、三子板块下限、金额与路径优先级压减。,Database_Only,该交易已通过行业筛选，但现有披露不足以证明已形成太空算力商业闭环。,用于识别供应链能力、潜在合作方与竞争性资本流向。,产品指标、量产节点、付费客户与收入质量。,企查查全行业筛选；原币=数亿元；RMB=RMB 数亿元；USD=约 USD 数千万；source_seq=158,Manual_QCC
2026-W28-EVT-143,2026-07-06,2026-07-06,China,Financing,Chip,杭州睿微讯科电子技术有限责任公司,杭州睿微讯科电子技术有限责任公司完成融资,融资轮次/事件：Financing；金额：未披露；投资方：杭州临新数艺企业管理合伙企业（有限合伙）；业务方向：射频模拟SOC芯片研发商。,企查查（境内）,Database,N/A,Manual,,3,3,4,3.20,B,企查查行业筛选后保留；正文选择按融资30%上限、三子板块下限、金额与路径优先级压减。,Brief,射频模拟 SoC 获新资本，对通信终端小型化有价值；未披露金额和客户，目前只能视为供应链候选信号。,用于识别供应链能力、潜在合作方与竞争性资本流向。,频段、射频性能、流片/量产与通信设备客户。,企查查全行业筛选；原币=-；RMB=-；USD=-；source_seq=171,Manual_QCC
2026-W28-EVT-146,2026-07-06,2026-07-06,China,Financing,AI,星凡星启（成都）科技有限公司,星凡星启（成都）科技有限公司完成融资,融资轮次/事件：Financing；金额：RMB 超3亿元（> USD 44.07M）；投资方：鼎旭投资；开普云；桉树资本；高捷资本；重庆特斯联启智科技有限公司；业务方向：AI Infra供应商。,企查查（境内）,Database,N/A,Manual,,2,4,4,3.00,B,企查查行业筛选后保留；正文选择按融资30%上限、三子板块下限、金额与路径优先级压减。,Brief,超 3 亿元投向 AI Infra，说明资本仍在补算力调度和平台层；与太空算力的交集取决于能否接入异构、异地节点。,用于识别供应链能力、潜在合作方与竞争性资本流向。,实际管理算力规模、调度效率、客户收入与异构节点接入。,企查查全行业筛选；原币=超3亿元；RMB=RMB 超3亿元；USD=> USD 44.07M；source_seq=175,Manual_QCC
2026-W28-EVT-148,2026-07-06,2026-07-06,China,Financing,Commercial_Space,赛斯探索（海宁）新材料科技有限公司,赛斯探索（海宁）新材料科技有限公司完成融资,融资轮次/事件：Financing；金额：未披露；投资方：海愿资本；业务方向：高性能碳化硅陶瓷产品开发商。,企查查（境内）,Database,N/A,Manual,,3,3,3,3.00,B,企查查行业筛选后保留；正文选择按融资30%上限、三子板块下限、金额与路径优先级压减。,Database_Only,该交易已通过行业筛选，但现有披露不足以证明已形成太空算力商业闭环。,用于识别供应链能力、潜在合作方与竞争性资本流向。,产品指标、量产节点、付费客户与收入质量。,企查查全行业筛选；原币=-；RMB=-；USD=-；source_seq=198,Manual_QCC
2026-W28-EVT-064,2026-07-07,2026-07-07,China,Technology,Commercial_Space,待阶段3原文复核,2026年6月遥感影像获取情况公告 - 测绘地理信息通知公告 - 贵州省自然资源厅,页面级候选：自动读取确认页面含本周日期；具体事件事实与相关性待阶段3原文复核。,zrzy.guizhou.gov.cn,Official,https://zrzy.guizhou.gov.cn/wzgb/zwgk/zdlyxxgk/dlxxgl/chdlxxtzgg/202607/t20260707_90592124.html,S_Core,,3,3,3,3.00,B,阶段3去重后保留的独立事件；弱相关项仅作Brief。,Brief,月度遥感影像获取公告提供真实覆盖和交付节奏，适合作为需求侧基线。,用于校准星上计算的载体、数据管线、芯片或治理环境。,后续官方节点、技术指标、合同或在轨验证结果。,Pass_A 日期命中；不可直接作为正文事实。；阶段3原子化复核后保留。,Pass_A
2026-W28-EVT-067,2026-07-07,2026-07-07,US,Policy,Commercial_Space,BOEM,"BOEM opens RFI on offshore launch, re-entry and recovery infrastructure","BOEM opened a 30-day RFI on using the Outer Continental Shelf for commercial launch, re-entry and recovery infrastructure.",BOEM,Official,https://www.boem.gov/newsroom/press-releases/boem-initiates-first-step-explore-potential-outer-continental-shelf-space,S_Core,,3,4,4,3.50,B,已补扫并核实；按同心圆、产业影响和新颖性评分。,Brief,美国开始把海上设施纳入商业发射基础设施政策工具箱，可能扩充运力并改变许可与环保约束。,关注海上发射场对高频星座部署成本和容量的影响。,8月7日意见截止后的政策路径与跨部门协调。,阶段1补扫；事实按所列来源核实。,Pass_A_Supplement
2026-W28-EVT-076,2026-07-07,2026-07-07,China,Policy,Chip,工业和信息化部,工信部印发2026年第四批行业标准制修订项目计划,工信部发布2026年第四批行业标准制修订项目计划，形成新的产业标准任务清单。,工业和信息化部,Official,https://wap.miit.gov.cn/jgsj/kjs/wjfb/art/2026/art_c87d2fca440d4847ba44868824196c53.html,S_Core,,2,4,3,2.80,B,已补扫并核实；按同心圆、产业影响和新颖性评分。,Brief,标准项目更新影响芯片、通信与高可靠制造环节的产品准入和协同成本。,筛查清单中与航天电子、芯片和高速互联相关的具体标准项目。,项目名称、牵头单位与报批时间。,阶段1补扫；事实按所列来源核实。,Pass_A_Supplement
2026-W28-EVT-080,2026-07-07,2026-07-07,China,Policy,Commercial_Space,中国星网,中国星网雷达遥感数据采购项目调整入围供应商,行业信息显示中国星网雷达遥感数据采购项目调整入围供应商，株洲太空星际递补进入名单。,航天新域,Industry_Media,http://www.spacenew.cn/news/show-86890.html,Watch,,4,3,3,3.50,B,已补扫并核实；按同心圆、产业影响和新颖性评分。,Brief,国家星座采购名单变化反映遥感数据供给端的准入和竞争格局。,跟踪入围企业是否具备星上处理、快速交付或多源融合能力。,采购结果原文、合同金额与数据指标。,阶段1补扫；事实按所列来源核实。,Pass_A_Supplement
2026-W28-EVT-092,2026-07-07,2026-07-07,Global,Technology,Commercial_Space,SpaceX,Transporter-17 launches 81 rideshare payloads,"A Falcon 9 Transporter-17 mission launched 81 payloads from Vandenberg, with the booster completing its 11th flight.",Vandenberg Space Force Base,Official,https://www.vandenberg.spaceforce.mil/News/Article-Display/Article/4535121/team-vandenberg-supports-transporter-17-mission-for-bases-46th-launch-of-2026/,S_Core,,3,3,3,3.00,B,已补扫并核实；按同心圆、产业影响和新颖性评分。,Brief,拼车任务继续提高小卫星入轨密度，并为 NASA R5-S9 等快速验证载荷提供运力。,关注共享发射如何降低星上计算 demo 的验证成本与排期。,载荷在轨开机率、后续 Transporter 班次和单位成本。,阶段1补扫；事实按所列来源核实。,Pass_A_Supplement
2026-W28-EVT-132,2026-07-07,2026-07-07,China,Financing,Chip,深圳市力子光电科技有限公司,深圳市力子光电科技有限公司完成融资,融资轮次/事件：Financing；金额：未披露；投资方：闰土股份；国泰创投；业务方向：高速光模块和光器件研发商。,企查查（境内）,Database,N/A,Manual,,3,3,4,3.20,B,企查查行业筛选后保留；正文选择按融资30%上限、三子板块下限、金额与路径优先级压减。,Brief,高速光模块资本继续导入，核心驱动来自地面数据中心；若要传导至星上网络，还需小型化和高可靠封装。,用于识别供应链能力、潜在合作方与竞争性资本流向。,产品速率、功耗、批量客户与高可靠产品线。,企查查全行业筛选；原币=-；RMB=-；USD=-；source_seq=126,Manual_QCC
2026-W28-EVT-133,2026-07-07,2026-07-07,China,Financing,Commercial_Space,巡航（苏州）新材料技术有限公司,巡航（苏州）新材料技术有限公司完成融资,融资轮次/事件：Financing；金额：RMB 约亿元（约 USD 14.69M）；投资方：中科神光；中银国际投资；十月资产；毅达资本；业务方向：轻质耐高温热防护材料生产商。,企查查（境内）,Database,N/A,Manual,,3,3,3,3.00,B,企查查行业筛选后保留；正文选择按融资30%上限、三子板块下限、金额与路径优先级压减。,Database_Only,该交易已通过行业筛选，但现有披露不足以证明已形成太空算力商业闭环。,用于识别供应链能力、潜在合作方与竞争性资本流向。,产品指标、量产节点、付费客户与收入质量。,企查查全行业筛选；原币=约亿元；RMB=RMB 约亿元；USD=约 USD 14.69M；source_seq=128,Manual_QCC
2026-W28-EVT-134,2026-07-07,2026-07-07,China,Financing,Commercial_Space,陕西秦港智材科技有限公司,陕西秦港智材科技有限公司完成融资,融资轮次/事件：Financing；金额：未披露；投资方：财金基金；业务方向：高性能纤维及复合材料销售商。,企查查（境内）,Database,N/A,Manual,,3,3,3,3.00,B,企查查行业筛选后保留；正文选择按融资30%上限、三子板块下限、金额与路径优先级压减。,Database_Only,该交易已通过行业筛选，但现有披露不足以证明已形成太空算力商业闭环。,用于识别供应链能力、潜在合作方与竞争性资本流向。,产品指标、量产节点、付费客户与收入质量。,企查查全行业筛选；原币=-；RMB=-；USD=-；source_seq=130,Manual_QCC
2026-W28-EVT-135,2026-07-07,2026-07-07,China,Financing,Commercial_Space,北京微光启航科技有限公司,北京微光启航科技有限公司完成融资,融资轮次/事件：Financing；金额：RMB 约亿元（约 USD 14.69M）；投资方：长风资本 ，；中天汇富；新鼎资本；财鑫集团；飞图创投；业务方向：全碳纤维复合材料火箭研发商。,企查查（境内）,Database,N/A,Manual,,4,3,3,3.50,B,企查查行业筛选后保留；正文选择按融资30%上限、三子板块下限、金额与路径优先级压减。,Database_Only,该交易已通过行业筛选，但现有披露不足以证明已形成太空算力商业闭环。,用于识别供应链能力、潜在合作方与竞争性资本流向。,产品指标、量产节点、付费客户与收入质量。,企查查全行业筛选；原币=约亿元；RMB=RMB 约亿元；USD=约 USD 14.69M；source_seq=141,Manual_QCC
2026-W28-EVT-137,2026-07-07,2026-07-07,China,Financing,Chip,上海快粼光电科技有限公司,上海快粼光电科技有限公司完成融资,融资轮次/事件：Financing；金额：RMB 数千万元（约 USD 数百万）；投资方：小苗朗程；一村资本；业务方向：III-V族光电探测芯片研发商。,企查查（境内）,Database,N/A,Manual,,3,3,4,3.20,B,企查查行业筛选后保留；正文选择按融资30%上限、三子板块下限、金额与路径优先级压减。,Brief,III-V 族光电探测芯片获数千万元，位于光互连与高速探测的关键前端；融资规模显示仍处产品化而非大规模扩产阶段。,用于识别供应链能力、潜在合作方与竞争性资本流向。,光敏度/带宽、良率、封装伙伴与批量订单。,企查查全行业筛选；原币=数千万元；RMB=RMB 数千万元；USD=约 USD 数百万；source_seq=143,Manual_QCC
2026-W28-EVT-157,2026-07-07,2026-07-07,-,Financing,AI,Oratomic,Oratomic完成融资,融资轮次/事件：Financing；金额：USD 300M（约 RMB 20.42亿元）；投资方：ARCH Venture Partners；Spark Capital；Bezos Expeditions；Formation；General Catalyst；Global Frontier Investments；Index Ventures；Lowercarbon Capital；Nebular；贝恩资本；， 7i Capital ， Genius Ventures ， Infleqtion ， 个人（Baiju Bhatt，David，Les Kohn，Scott Aaronson）；业务方向：量子计算技术研发商。,企查查（境外）,Database,N/A,Manual,,2,4,4,3.00,B,企查查行业筛选后保留；正文选择按融资30%上限、三子板块下限、金额与路径优先级压减。,Brief,3 亿美元量子计算融资说明前沿算力仍享受战略性高估值；它是计算范式对照，与近期星上计算工程路线不直接重合。,用于识别供应链能力、潜在合作方与竞争性资本流向。,物理比特/逻辑比特规模、错误率、可复现基准与云服务客户。,企查查全行业筛选；原币=3亿美元；RMB=约 RMB 20.42亿元；USD=USD 300M；source_seq=41,Manual_QCC
2026-W28-EVT-158,2026-07-07,2026-07-07,美国,Financing,Commercial_Space,Arkenstone Defense,Arkenstone Defense完成融资,融资轮次/事件：Financing；金额：USD 35M（约 RMB 2.38亿元）；投资方：J2 Ventures；ARTIS Ventures；Susa Ventures；， Granite Hill Capital Partners；业务方向：托管式平台开发商。,企查查（境外）,Database,N/A,Manual,,3,3,3,3.00,B,企查查行业筛选后保留；正文选择按融资30%上限、三子板块下限、金额与路径优先级压减。,Database_Only,该交易已通过行业筛选，但现有披露不足以证明已形成太空算力商业闭环。,用于识别供应链能力、潜在合作方与竞争性资本流向。,产品指标、量产节点、付费客户与收入质量。,企查查全行业筛选；原币=3500万美元；RMB=约 RMB 2.38亿元；USD=USD 35M；source_seq=44,Manual_QCC
2026-W28-EVT-028,2026-07-08,2026-07-08,China,Policy,AI,待阶段3原文复核,工业和信息化部办公厅关于公布2025年度信息通信服务创优典型案例名单的通知,页面级候选：自动读取确认页面含本周日期；具体事件事实与相关性待阶段3原文复核。,wap.miit.gov.cn,Official,https://wap.miit.gov.cn/jgsj/xgj/wjfb/art/2026/art_e1385027c04c4f52821f602da85e2f44.html,S_Core,,2,4,3,2.80,B,阶段3去重后保留的独立事件；弱相关项仅作Brief。,Brief,信息通信服务典型案例目录反映政策对基础设施服务能力的评价口径。,用于校准星上计算的载体、数据管线、芯片或治理环境。,后续官方节点、技术指标、合同或在轨验证结果。,Pass_A 日期命中；不可直接作为正文事实。；阶段3原子化复核后保留。,Pass_A
2026-W28-EVT-031,2026-07-08,2026-07-08,China,Technology,AI,待阶段3原文复核,2026世界机器人大会新闻发布会在京召开,页面级候选：自动读取确认页面含本周日期；具体事件事实与相关性待阶段3原文复核。,wap.miit.gov.cn,Official,https://wap.miit.gov.cn/xwfb/gxdt/bsdt/art/2026/art_e3f88291a28f436eab461fb1e1ac76c9.html,S_Core,,2,4,3,2.80,B,阶段3去重后保留的独立事件；弱相关项仅作Brief。,Brief,世界机器人大会发布会属于外圈应用生态信号，保留为算力需求侧简讯。,用于校准星上计算的载体、数据管线、芯片或治理环境。,后续官方节点、技术指标、合同或在轨验证结果。,Pass_A 日期命中；不可直接作为正文事实。；阶段3原子化复核后保留。,Pass_A
2026-W28-EVT-065,2026-07-08,2026-07-08,China,Technology,Commercial_Space,待阶段3原文复核,六安市卫星应用技术中心2026年6月影像统筹情况_六安市自然资源和规划局,页面级候选：自动读取确认页面含本周日期；具体事件事实与相关性待阶段3原文复核。,zrzy.luan.gov.cn,Official,https://zrzy.luan.gov.cn/ztzl/ztzl/lawxzx/5490806.html,S_Core,,3,3,3,3.00,B,阶段3去重后保留的独立事件；弱相关项仅作Brief。,Brief,地方卫星影像统筹是星上预处理价值最终落地的数据消费端证据。,用于校准星上计算的载体、数据管线、芯片或治理环境。,后续官方节点、技术指标、合同或在轨验证结果。,Pass_A 日期命中；不可直接作为正文事实。；阶段3原子化复核后保留。,Pass_A
2026-W28-EVT-077,2026-07-08,2026-07-08,China,Policy,AI,工业和信息化部,工信部公布新型信息基础设施协调发展典型案例,工信部公布2025年度新型信息基础设施协调发展典型案例名单。,工业和信息化部,Official,https://wap.miit.gov.cn/jgsj/txs/wjfb/art/2026/art_fadd7ffcd21a41f59f5537978bdc127a.html,S_Core,,2,4,3,2.80,B,已补扫并核实；按同心圆、产业影响和新颖性评分。,Brief,案例目录反映算力、网络与数据基础设施协同的政策偏好，可作为星地协同模式的地面参照。,识别是否出现卫星互联网、空天地网络或边缘算力案例。,案例附件与后续复制推广要求。,阶段1补扫；事实按所列来源核实。,Pass_A_Supplement
2026-W28-EVT-078,2026-07-08,2026-07-08,China,Policy,Commercial_Space,某军队采购单位,高通量卫星采购项目二次需求公示,采购需求公示拟采购4套高通量卫星终端，要求支持 Ka/Ku 波段和明确上下行带宽指标。,剑鱼标讯,Procurement_Mirror,https://xizang.jianyu360.cn/jybx/20260711_26071068951933.html,Watch,,3,3,3,3.00,B,已补扫并核实；按同心圆、产业影响和新颖性评分。,Brief,终端采购把带宽、便携性和续航转化为可量化需求，反映卫星通信下游的实际交付口径。,可用于校准地面终端与星上网络服务的产品指标。,原始采购公告、成交供应商与设备型号。,阶段1补扫；事实按所列来源核实。,Pass_A_Supplement
2026-W28-EVT-079,2026-07-08,2026-07-08,China,Policy,Commercial_Space,中国移动海南公司,中国移动海南启动应急卫星电话采购,中国移动海南采购40部应急卫星电话及六年天通服务，预算67.8万元。,剑鱼标讯,Procurement_Mirror,https://hainan.jianyu360.cn/jybx/20260708_26070768088873.html,Watch,,3,3,3,3.00,B,已补扫并核实；按同心圆、产业影响和新颖性评分。,Brief,应急通信采购体现天通终端和长期服务打包的商业模式，验证卫星通信的持续付费场景。,可对照 D2D 与专用卫星终端在应急市场的替代关系。,中标设备、实际套餐使用与后续扩容。,阶段1补扫；事实按所列来源核实。,Pass_A_Supplement
2026-W28-EVT-085,2026-07-08,2026-07-08,US,Technology,Commercial_Space,U.S. Space Force / Relativity Federal / Impulse Space,Space Force adds Relativity and Impulse to NSSL Phase 3 Lane 1 pool,"The Space Force added Relativity Federal and Impulse Space to the NSSL Phase 3 Lane 1 provider pool, with initial $5 million capability-assessment awards.",Breaking Defense,Core_Media,https://breakingdefense.com/2026/07/space-force-adds-two-startups-to-small-medium-launch-pool/,A_Active,,3,4,4,3.50,B,已补扫并核实；按同心圆、产业影响和新颖性评分。,Brief,美国国家安全发射采购继续扩充商业供应商，降低单一运力依赖并给新进入者验证窗口。,关注新供应商能否承接快速部署和特种轨道任务。,首个任务订单、能力评估与任务保证要求。,阶段1补扫；事实按所列来源核实。,Pass_A_Supplement
2026-W28-EVT-089,2026-07-08,2026-07-08,US,Technology,Chip,SambaNova,SambaNova raises $1 billion at $11 billion valuation,SambaNova announced a $1 billion late-stage round led by General Atlantic at an $11 billion post-money valuation.,Reuters via Investing.com,Core_Media,https://www.investing.com/news/stock-market-news/ai-chip-startup-sambanova-valued-at-11-billion-in-1-billion-funding-round-4781072,A_Active,,2,5,4,3.30,B,已补扫并核实；按同心圆、产业影响和新颖性评分。,Brief,大额资本继续押注非 GPU 单一路线，地面 AI 芯片竞争为星载异构算力提供成本与生态参照。,关注其推理架构、能效和客户迁移是否形成可移植的低功耗经验。,资金用途、量产节奏和头部客户。,阶段1补扫；事实按所列来源核实。,Pass_A_Supplement
2026-W28-EVT-098,2026-07-08,2026-07-08,Global,Technology,Commercial_Space,日本客户 / SpaceX,Japanese customer books 500 kg of Starship lunar cargo capacity,A Japanese company announced a booking for 500 kg of cargo capacity on a future Starship lunar mission targeted as early as 2030.,Space.com,Core_Media,https://www.space.com/space-exploration/launches-spacecraft/japanese-company-books-1-100-pounds-of-cargo-space-on-spacex-starship-mission-to-the-moon,A_Active,,3,3,4,3.20,B,已补扫并核实；按同心圆、产业影响和新颖性评分。,Brief,Starship 运力开始被商品化为远期月球货运容量，显示超大运力的预售与任务聚合模式。,关注未来空间计算载荷是否也能以标准货位和服务合同采购。,合同方披露、任务窗口与实际交付条件。,阶段1补扫；事实按所列来源核实。,Pass_A_Supplement
2026-W28-EVT-100,2026-07-08,2026-07-08,Global,Technology,Commercial_Space,MDA Space,MDA Space opens high-volume satellite manufacturing facility in Montréal,MDA Space inaugurated a new high-volume satellite manufacturing facility in Montréal on July 8.,MDA Space,Company,https://mda.space/news/,S_Core,,3,4,4,3.50,B,已补扫并核实；按同心圆、产业影响和新颖性评分。,Brief,卫星主承包商扩充批产设施，表明星座需求正在把竞争从单星研制推向规模制造与交付节拍。,太空算力载荷要进入星座采购，必须适配批产接口、测试与供应链节奏。,设施产能、首批客户、卫星平台配置与爬坡速度。,阶段1补扫；事实按所列来源核实。,Pass_A_Supplement
2026-W28-EVT-129,2026-07-08,2026-07-08,China,Financing,Commercial_Space,江苏天弓磁航科技有限公司,江苏天弓磁航科技有限公司完成融资,融资轮次/事件：Financing；金额：未披露；投资方：鸿侠科技；康源汇盈投资；共青城兴弓投资合伙企业（有限合伙）；业务方向：航天发射工位建设运营商。,企查查（境内）,Database,N/A,Manual,,4,3,3,3.50,B,企查查行业筛选后保留；正文选择按融资30%上限、三子板块下限、金额与路径优先级压减。,Database_Only,该交易已通过行业筛选，但现有披露不足以证明已形成太空算力商业闭环。,用于识别供应链能力、潜在合作方与竞争性资本流向。,产品指标、量产节点、付费客户与收入质量。,企查查全行业筛选；原币=-；RMB=-；USD=-；source_seq=114,Manual_QCC
2026-W28-EVT-130,2026-07-08,2026-07-08,China,Financing,Commercial_Space,武汉星途复合材料有限公司,武汉星途复合材料有限公司完成融资,融资轮次/事件：Financing；金额：未披露；投资方：武汉芯海产投；业务方向：高性能纤维及复合材料制造商。,企查查（境内）,Database,N/A,Manual,,3,3,3,3.00,B,企查查行业筛选后保留；正文选择按融资30%上限、三子板块下限、金额与路径优先级压减。,Database_Only,该交易已通过行业筛选，但现有披露不足以证明已形成太空算力商业闭环。,用于识别供应链能力、潜在合作方与竞争性资本流向。,产品指标、量产节点、付费客户与收入质量。,企查查全行业筛选；原币=-；RMB=-；USD=-；source_seq=116,Manual_QCC
2026-W28-EVT-156,2026-07-08,2026-07-08,美国,Financing,Commercial_Space,Venus Aerospace,Venus Aerospace完成融资,融资轮次/事件：Financing；金额：USD 91M（约 RMB 6.2亿元）；投资方：Mercury Fund；Draper Associates；Green Sands Equity；Lockheed Martin Ventures；PEAK6 Strategic Capital；， MESH ， Starboard Star Venture Capital；业务方向：航空运输服务提供商。,企查查（境外）,Database,N/A,Manual,,3,3,4,3.20,B,企查查行业筛选后保留；正文选择按融资30%上限、三子板块下限、金额与路径优先级压减。,Brief,"9,100 万美元压注高速航空运输，更接近可重复高超声速平台而非轨道运力；对太空算力属运力技术外圈参照。",用于识别供应链能力、潜在合作方与竞争性资本流向。,发动机地面试验、飞行演示、速度/航程与商业运营许可。,企查查全行业筛选；原币=9100万美元；RMB=约 RMB 6.2亿元；USD=USD 91M；source_seq=23,Manual_QCC
2026-W28-EVT-021,2026-07-09,2026-07-09,US,Technology,Chip,待阶段3原文复核,AMD 确认 7 月 22~23 日 Advancing AI 2026 推出 “Zen 6” 处理器_腾讯新闻,页面级候选：自动读取确认页面含本周日期；具体事件事实与相关性待阶段3原文复核。,news.qq.com,Industry_Media,https://news.qq.com/rain/a/20260709A0BGI500,Watch,,2,4,4,3.00,B,阶段3去重后保留的独立事件；弱相关项仅作Brief。,Brief,AMD 确认 Zen 6 发布窗口，地面高性能计算路线继续加速，作为星载芯片外圈对照。,用于校准星上计算的载体、数据管线、芯片或治理环境。,后续官方节点、技术指标、合同或在轨验证结果。,Pass_A 日期命中；不可直接作为正文事实。；阶段3原子化复核后保留。,Pass_A
2026-W28-EVT-055,2026-07-09,2026-07-09,US,Technology,Commercial_Space,待阶段3原文复核,NASA Scientists Take to Air and Space to Study Arctic Sea Ice - NASA,页面级候选：自动读取确认页面含本周日期；具体事件事实与相关性待阶段3原文复核。,nasa.gov,Official,https://www.nasa.gov/missions/airborne-science/nasa-scientists-take-to-air-and-space-to-study-arctic-sea-ice/,S_Core,,2,4,3,2.80,B,阶段3去重后保留的独立事件；弱相关项仅作Brief。,Brief,空天地联合观测说明空间数据价值依赖多源协同，作为弱相关遥感处理参照保留简讯。,用于校准星上计算的载体、数据管线、芯片或治理环境。,后续官方节点、技术指标、合同或在轨验证结果。,Pass_A 日期命中；不可直接作为正文事实。；阶段3原子化复核后保留。,Pass_A
2026-W28-EVT-083,2026-07-09,2026-07-09,US,Technology,Commercial_Space,NASA / ISISPACE,NASA GRITSS CubeSat begins precision geodesy demonstration,"GRITSS launched July 7 to link VLBI, GPS and satellite laser ranging into a common space-based reference measurement.",NASA,Official,https://www.nasa.gov/blogs/smallsatellites/2026/07/09/nasa-small-satellite-could-make-global-positioning-more-precise/,S_Core,,3,3,4,3.20,B,已补扫并核实；按同心圆、产业影响和新颖性评分。,Brief,小卫星把多种测量系统融合到统一时空基准，强化高精度导航与星地数据融合能力。,关注其星上信号转换和热稳定设计是否可迁移到高可靠计算载荷。,首批测量数据、时间稳定性和系统校准结果。,阶段1补扫；事实按所列来源核实。,Pass_A_Supplement
2026-W28-EVT-084,2026-07-09,2026-07-09,US,Technology,Commercial_Space,NASA,NASA advances Roman Space Telescope launch preparations,NASA reported Roman launch preparations progressing toward a no-earlier-than August 30 Falcon Heavy launch target.,NASA Science,Official,https://science.nasa.gov/blogs/roman/2026/07/09/nasas-roman-launch-preparations-proceed/,S_Core,,3,3,3,3.00,B,已补扫并核实；按同心圆、产业影响和新颖性评分。,Brief,大型科学载荷进入发射准备节点，验证高数据量空间观测任务的运力和地面处理管线。,可作为高通量空间数据任务对星上预处理需求的参照。,发射日期锁定、任务数据处理架构与早期在轨校准。,阶段1补扫；事实按所列来源核实。,Pass_A_Supplement
2026-W28-EVT-088,2026-07-09,2026-07-09,US,Technology,Chip,Micron / GlobalWafers,Micron announces up to $3 billion U.S. semiconductor-ecosystem investment,"Micron announced up to $3 billion of strategic investment, including $500 million for GlobalWafers' U.S. 300 mm wafer capacity and a 10-year supply agreement.",Micron,Company,https://investors.micron.com/node/50766,S_Core,,2,5,4,3.30,B,已补扫并核实；按同心圆、产业影响和新颖性评分。,Brief,AI 存储需求正把资本从芯片厂延伸到原始硅片供给，供应链安全成为算力扩张约束。,宇航级与高可靠器件也会受到上游晶圆容量和本土化采购的间接影响。,GlobalWafers 扩产进度、供货比例和 Micron 新厂投产节奏。,阶段1补扫；事实按所列来源核实。,Pass_A_Supplement
2026-W28-EVT-090,2026-07-09,2026-07-09,US,Technology,Chip,Meta,Meta plans September production for Iris AI chip,A Reuters-reviewed memo said Meta plans to begin production of its Iris AI chip in September while targeting 14 GW of compute capacity next year.,Reuters via MarketScreener,Core_Media,https://ca.marketscreener.com/news/meta-to-put-ai-chip-into-production-in-september-as-it-looks-to-double-computing-capacity-memo-show-ce7f5eded988f422,A_Active,,2,5,4,3.30,B,已补扫并核实；按同心圆、产业影响和新颖性评分。,Brief,超大规模用户把自研芯片迭代周期压缩到约半年，软硬件协同正在成为算力供给核心壁垒。,星载算力产品需要更重视任务特定芯片与软件栈协同，而非追求通用峰值。,Iris 性能、良率、部署规模和 Broadcom/TSMC 分工。,阶段1补扫；事实按所列来源核实。,Pass_A_Supplement
2026-W28-EVT-097,2026-07-09,2026-07-09,US,Technology,Commercial_Space,SpaceX,Falcon 9 launches 29 Starlink satellites from Cape Canaveral,SpaceX launched 29 Starlink satellites from Cape Canaveral in the early hours of July 9.,Space.com,Core_Media,https://www.space.com/space-exploration/spacex-launch-creates-colorful-jellyfish-space-photo-of-the-day-for-july-10-2026,A_Active,,3,3,2,2.80,B,已补扫并核实；按同心圆、产业影响和新颖性评分。,Brief,连续星链任务体现组网发射已进入工业化节奏，网络容量增长取决于持续部署而非单次节点。,对比中美星座单位周发射能力和新增在轨容量。,星链 Gen3 获批前的在轨规模与发射频次。,阶段1补扫；事实按所列来源核实。,Pass_A_Supplement
2026-W28-EVT-117,2026-07-09,2026-07-09,China,Financing,Chip,深圳北极芯微电子有限公司,深圳北极芯微电子有限公司完成融资,融资轮次/事件：Financing；金额：RMB 约亿元（约 USD 14.7M）；投资方：中青恒辉；光谷科创投；瑞江投资；业务方向：单光子测量与成像技术芯片供应商。,企查查（境内）,Database,N/A,Manual,,3,3,4,3.20,B,企查查行业筛选后保留；正文选择按融资30%上限、三子板块下限、金额与路径优先级压减。,Brief,单光子测量芯片是遥感、激光雷达和弱光通信的前端器件，亿元级资金会先推动工程化，不等于已获得航天验证。,用于识别供应链能力、潜在合作方与竞争性资本流向。,探测效率、暗计数、封装产能和星载试验。,企查查全行业筛选；原币=约亿元；RMB=RMB 约亿元；USD=约 USD 14.7M；source_seq=53,Manual_QCC
2026-W28-EVT-119,2026-07-09,2026-07-09,China,Financing,Chip,南京迈矽科微电子科技有限公司,南京迈矽科微电子科技有限公司完成融资,融资轮次/事件：Financing；金额：RMB 约亿元（约 USD 14.7M）；投资方：广东华真基金；三旺通信；业务方向：硅基毫米波集成芯片研发商。,企查查（境内）,Database,N/A,Manual,,3,3,4,3.20,B,企查查行业筛选后保留；正文选择按融资30%上限、三子板块下限、金额与路径优先级压减。,Brief,硅基毫米波芯片获亿元级融资，可支撑相控阵、高速感知与通信前端；星载价值取决于高频性能和环境可靠性。,用于识别供应链能力、潜在合作方与竞争性资本流向。,频段/带宽、噪声指标、封装量产和航天客户。,企查查全行业筛选；原币=约亿元；RMB=RMB 约亿元；USD=约 USD 14.7M；source_seq=55,Manual_QCC
2026-W28-EVT-120,2026-07-09,2026-07-09,China,Financing,Commercial_Space,湖南泽睿新材料有限公司,湖南泽睿新材料有限公司完成融资,融资轮次/事件：Financing；金额：未披露；投资方：嘉道谷投资；财信产业基金；东湖高新投资；业务方向：高性能碳化硅纤维供应商。,企查查（境内）,Database,N/A,Manual,,3,3,3,3.00,B,企查查行业筛选后保留；正文选择按融资30%上限、三子板块下限、金额与路径优先级压减。,Database_Only,该交易已通过行业筛选，但现有披露不足以证明已形成太空算力商业闭环。,用于识别供应链能力、潜在合作方与竞争性资本流向。,产品指标、量产节点、付费客户与收入质量。,企查查全行业筛选；原币=-；RMB=-；USD=-；source_seq=59,Manual_QCC
2026-W28-EVT-122,2026-07-09,2026-07-09,China,Financing,AI,杭州逻辑比特科技有限公司,杭州逻辑比特科技有限公司完成融资,融资轮次/事件：Financing；金额：RMB 数亿元（约 USD 数千万）；投资方：康君资本；混沌投资；IDG资本；TCL创投；上海未来产业基金；东方嘉富；中芯聚源投资；元璟资本；华夏恒天；华控基金；厚雪资本；国开科创；弘晖基金；深创投；经纬创投；芯联资本；藕舫天使；达晨财智；业务方向：超导量子计算系统研发商。,企查查（境内）,Database,N/A,Manual,,2,4,3,2.80,B,企查查行业筛选后保留；正文选择按融资30%上限、三子板块下限、金额与路径优先级压减。,Database_Only,该交易已通过行业筛选，但现有披露不足以证明已形成太空算力商业闭环。,用于识别供应链能力、潜在合作方与竞争性资本流向。,产品指标、量产节点、付费客户与收入质量。,企查查全行业筛选；原币=数亿元；RMB=RMB 数亿元；USD=约 USD 数千万；source_seq=65,Manual_QCC
2026-W28-EVT-124,2026-07-09,2026-07-09,China,Financing,Commercial_Space,上海维极宇航科技有限公司,上海维极宇航科技有限公司完成融资,融资轮次/事件：Financing；金额：未披露；投资方：星空投资；零以创投；业务方向：软磁复合材料销售商。,企查查（境内）,Database,N/A,Manual,,3,3,3,3.00,B,企查查行业筛选后保留；正文选择按融资30%上限、三子板块下限、金额与路径优先级压减。,Database_Only,该交易已通过行业筛选，但现有披露不足以证明已形成太空算力商业闭环。,用于识别供应链能力、潜在合作方与竞争性资本流向。,产品指标、量产节点、付费客户与收入质量。,企查查全行业筛选；原币=-；RMB=-；USD=-；source_seq=80,Manual_QCC
2026-W28-EVT-126,2026-07-09,2026-07-09,China,Financing,Chip,上海深明奥思半导体科技有限公司,上海深明奥思半导体科技有限公司完成融资,融资轮次/事件：Financing；金额：未披露；投资方：无锡宇盛投资合伙企业（有限合伙）；无锡晟意投资合伙企业（有限合伙）；盈富（安徽）股权投资有限公司；业务方向：端侧大模型推理芯片研发商。,企查查（境内）,Database,N/A,Manual,,3,3,4,3.20,B,企查查行业筛选后保留；正文选择按融资30%上限、三子板块下限、金额与路径优先级压减。,Brief,端侧大模型推理芯片持续吸金，表明低功耗本地推理成为独立赛道；是星上 AI 的可迁移路线，但当前尚无航天证据。,用于识别供应链能力、潜在合作方与竞争性资本流向。,模型支持、每瓦性能、量产客户与抗辐照计划。,企查查全行业筛选；原币=-；RMB=-；USD=-；source_seq=82,Manual_QCC
2026-W28-EVT-151,2026-07-09,2026-07-09,美国,Financing,AI,SambaNova Systems,SambaNova Systems完成融资,融资轮次/事件：Financing；金额：USD 1000M（约 RMB 68.04亿元）；投资方：泛大西洋资本；Battery Ventures；Cambium Capital；T.Rowe Price；Vista Equity Partners；Volantis；卡塔尔投资局；英特尔；贝莱德；， A&E Investment ， Assam Ventures ， Capital Group ， Kabila Capital ， QFO Capital ， Seligman Ventures；业务方向：计算机处理器以及Al数据分析软件研发商。,企查查（境外）,Database,N/A,Manual,,2,4,4,3.00,B,企查查行业筛选后保留；正文选择按融资30%上限、三子板块下限、金额与路径优先级压减。,Brief,10 亿美元大额融资表明 AI 加速器和全栈软件仍需高强度资本；它提供地面异构计算对照，不应直接等同于星载路线。,用于识别供应链能力、潜在合作方与竞争性资本流向。,新估值对应收入、大客户、硬件交付与毛利率。,企查查全行业筛选；原币=10亿美元；RMB=约 RMB 68.04亿元；USD=USD 1000M；source_seq=13,Manual_QCC
2026-W28-EVT-153,2026-07-09,2026-07-09,美国,Financing,AI,Lyzr,Lyzr完成融资,融资轮次/事件：Financing；金额：USD 100M（约 RMB 6.8亿元）；投资方：-；业务方向：人工智能基础设施服务商。,企查查（境外）,Database,N/A,Manual,,2,4,4,3.00,B,企查查行业筛选后保留；正文选择按融资30%上限、三子板块下限、金额与路径优先级压减。,Brief,1 亿美元进入 AI 基础设施平台，显示应用组织层也在获得大额资本；与太空算力的关键不在“AI”标签，而在是否能管理边缘节点。,用于识别供应链能力、潜在合作方与竞争性资本流向。,产品边界、企业客户、ARR 与边缘/异构计算支持。,企查查全行业筛选；原币=1亿美元；RMB=约 RMB 6.8亿元；USD=USD 100M；source_seq=16,Manual_QCC
2026-W28-EVT-155,2026-07-09,2026-07-09,美国,Financing,AI,Prime Intellect,Prime Intellect完成融资,融资轮次/事件：Financing；金额：USD 130M（约 RMB 8.84亿元）；投资方：Radical Ventures；Dell Technologies Capital；Iconiq Capital；NVentures；英特尔资本；， 个人（Aaron Levie，Aravind Srinivas）；业务方向：去中心化AI平台提供商。,企查查（境外）,Database,N/A,Manual,,2,4,4,3.00,B,企查查行业筛选后保留；正文选择按融资30%上限、三子板块下限、金额与路径优先级压减。,Brief,1.3 亿美元投向去中心化 AI 计算，资本正赌算力可以跨节点组织为统一供给；这与未来星地混合调度在架构上相似，但当前还是地面证据。,用于识别供应链能力、潜在合作方与竞争性资本流向。,有效 GPU 供给、任务成功率、大模型训练客户与单位成本。,企查查全行业筛选；原币=1.3亿美元；RMB=约 RMB 8.84亿元；USD=USD 130M；source_seq=19,Manual_QCC
2026-W28-EVT-070,2026-07-10,2026-07-10,US,Policy,Commercial_Space,Reflect Orbital,FCC authorizes Reflect Orbital demonstration satellite,"The FCC authorized Reflect Orbital's first demonstration satellite, allowing an in-orbit test of its deployable reflector concept.",Via Satellite,Core_Media,https://www.satellitetoday.com/technology/2026/07/10/fcc-approves-reflect-orbital-demo-satellite-to-test-redirecting-sunlight/,A_Active,,3,3,5,3.40,B,已补扫并核实；按同心圆、产业影响和新颖性评分。,Brief,新型大型可展开结构获得监管放行，显示 FCC 正面对非传统星座的安全与环境审查边界。,可作为超大可展开结构、在轨能源与监管适配的观察样本。,首星发射、结构展开验证和后续星座申请。,阶段1补扫；事实按所列来源核实。,Pass_A_Supplement
2026-W28-EVT-075,2026-07-10,2026-07-10,China,Policy,AI,江西省发展改革委,江西印发算力券（数据券）管理办法,江西印发算力券（数据券）管理办法，明确补贴工具并计划自8月6日起实施。,江西省发展和改革委员会,Official,http://drc.jiangxi.gov.cn/jxsfzhggwyh/col/col68290/content/content_2077217888002547712.html,S_Core,,2,4,4,3.00,B,已补扫并核实；按同心圆、产业影响和新颖性评分。,Brief,算力需求侧补贴进一步制度化，可能影响地面算力价格和新型算力服务的商业比较。,观察未来是否把卫星遥感处理或太空算力服务纳入券类适用范围。,申领细则、补贴比例和服务商目录。,阶段1补扫；事实按所列来源核实。,Pass_A_Supplement
2026-W28-EVT-091,2026-07-10,2026-07-10,US,Technology,Chip,Altera,Altera highlights Agilex FPGA growth from AI and robotics demand,Altera said AI and robotics demand was supporting renewed growth around its Agilex FPGA portfolio for edge and data-center uses.,Reuters,Core_Media,https://www.reuters.com/business/altera-returns-growth-ai-robotics-fuel-demand-ceo-says-2026-07-10/,A_Active,,3,3,3,3.00,B,已补扫并核实；按同心圆、产业影响和新颖性评分。,Brief,FPGA 在边缘与数据中心重新获得需求验证，对需要可重构和长生命周期支持的星载计算更具直接参照。,跟踪 Agilex 高可靠版本、封装和工具链是否向航天市场延伸。,产品收入、客户结构与高可靠路线图。,阶段1补扫；事实按所列来源核实。,Pass_A_Supplement
2026-W28-EVT-095,2026-07-10,2026-07-10,China,Technology,Commercial_Space,芜湖市卫星应用技术中心,芜湖公布6月卫星影像统筹情况,芜湖市卫星应用技术中心披露6月新增62景卫星影像，包含光学、高光谱与L波段差分干涉SAR数据。,芜湖市自然资源和规划局,Official,https://zrzyhghj.wuhu.gov.cn/ztzl/zrzywhwxzx/8941866.html,S_Core,,3,3,3,3.00,B,已补扫并核实；按同心圆、产业影响和新颖性评分。,Brief,地方多源遥感数据已形成持续统筹机制，星上预处理的价值可通过下游覆盖率和交付频次衡量。,寻找能够把多源影像在轨筛选、压缩和融合的真实需求。,影像时效、云量筛选、SAR处理与应用调用次数。,阶段1补扫；事实按所列来源核实。,Pass_A_Supplement
2026-W28-EVT-096,2026-07-10,2026-07-10,US,Technology,Commercial_Space,SpaceX,Falcon 9 booster completes 35th flight on Starlink mission,A Falcon 9 first stage flew for the 35th time while launching 29 Starlink satellites from Vandenberg on July 10.,Space.com,Core_Media,https://www.space.com/space-exploration/launches-spacecraft/spacex-falcon-9-rocket-35th-mission-starlink-launch,A_Active,,3,4,4,3.50,B,已补扫并核实；按同心圆、产业影响和新颖性评分。,Brief,单枚助推器复用次数继续上探，说明高频星座部署的运力成本优势仍在扩大。,用真实复用次数和周转速度校准国内算力星座的发射成本假设。,该助推器后续复飞、翻修周期和任务可靠性。,阶段1补扫；事实按所列来源核实。,Pass_A_Supplement
2026-W28-EVT-106,2026-07-10,2026-07-10,China,Financing,Chip,北京他山科技有限公司,北京他山科技有限公司完成融资,融资轮次/事件：Financing；金额：RMB 数亿元（约 USD 数千万）；投资方：Lavender Hill Capital Partners；均胜电子；太平资管；奥克斯；彬复资本；洪山资本；道氏技术；鹏翎股份；业务方向：人工智能触觉传感芯片及应用解决方案研发商。,企查查（境内）,Database,N/A,Manual,,3,4,4,3.50,B,企查查行业筛选后保留；正文选择按融资30%上限、三子板块下限、金额与路径优先级压减。,Brief,触觉传感芯片获数亿元支持，反映资本正从通用 AI 向感知前端下沉；与太空算力仅属器件侧间接相关。,用于识别供应链能力、潜在合作方与竞争性资本流向。,量产客户、车规/工业级认证与芯片出货量。,企查查全行业筛选；原币=数亿元；RMB=RMB 数亿元；USD=约 USD 数千万；source_seq=11,Manual_QCC
2026-W28-EVT-108,2026-07-10,2026-07-10,China,Financing,Chip,奇捷科技（深圳）有限公司,奇捷科技（深圳）有限公司完成融资,融资轮次/事件：Financing；金额：未披露；投资方：永昌盛投资；深圳芯耀麒毅投资有限公司；业务方向：电子设计自动化工具前端技术研发商。,企查查（境内）,Database,N/A,Manual,,3,3,4,3.20,B,企查查行业筛选后保留；正文选择按融资30%上限、三子板块下限、金额与路径优先级压减。,Brief,EDA 前端工具获产业资本进入，补的是国产芯片设计工具链，而非星载芯片性能的直接证据。,用于识别供应链能力、潜在合作方与竞争性资本流向。,商业授权客户、工具链覆盖和主流工艺验证。,企查查全行业筛选；原币=-；RMB=-；USD=-；source_seq=14,Manual_QCC
2026-W28-EVT-110,2026-07-10,2026-07-10,China,Financing,Chip,北京超摩科技有限公司,北京超摩科技有限公司完成融资,融资轮次/事件：Financing；金额：未披露；投资方：永诚资本；奥瑞德；方广资本；新尚资本；知识城创投；无锡元亨；达泰资本；华山资本WestSummit；西安龙鼎投资；广州开发区产业基金；业务方向：计算芯片研发商。,企查查（境内）,Database,N/A,Manual,,3,3,4,3.20,B,企查查行业筛选后保留；正文选择按融资30%上限、三子板块下限、金额与路径优先级压减。,Brief,多家产业与地方资本共同投入计算芯片，说明国产替代仍靠生态协同；尚缺产品和客户信息，不宜高评。,用于识别供应链能力、潜在合作方与竞争性资本流向。,流片节点、架构/工艺公布、首个量产客户。,企查查全行业筛选；原币=-；RMB=-；USD=-；source_seq=23,Manual_QCC
2026-W28-EVT-112,2026-07-10,2026-07-10,China,Financing,Chip,上海灵睿智芯计算技术有限公司,上海灵睿智芯计算技术有限公司完成融资,融资轮次/事件：Financing；金额：RMB 数亿元（约 USD 数千万）；投资方：上海天使会；东方富海；中科创星；元禾璞华；华山资本WestSummit；壁仞科技；孚腾资本；张江高科；成为资本；石溪资本；业务方向：高性能RISC-V架构处理器核心技术研发商。,企查查（境内）,Database,N/A,Manual,,3,4,4,3.50,B,企查查行业筛选后保留；正文选择按融资30%上限、三子板块下限、金额与路径优先级压减。,Brief,RISC-V 高性能处理器获数亿元融资，把开放指令集从嵌入式推向高算力；是潜在自主算力底座，但离星载仍有功耗与可靠性门槛。,用于识别供应链能力、潜在合作方与竞争性资本流向。,样片跑分、功耗、量产节点与高可靠版本路线。,企查查全行业筛选；原币=数亿元；RMB=RMB 数亿元；USD=约 USD 数千万；source_seq=35,Manual_QCC
2026-W28-EVT-149,2026-07-10,2026-07-10,英国,Financing,Commercial_Space,Kraken Technology,Kraken Technology完成融资,融资轮次/事件：Financing；金额：USD 175M（约 RMB 11.9亿元）；投资方：DTCP；British Business Bank Investments；NATO Innovation Fund；Notion Capital；SpeedInvest；Supernova Invest；， BOKA Capital ， HICO ， Hakluyt Capital ， Inocea Group ， NIF ， Rheinmetall ， SmartCap ， Thesiger Capital Group ， UK's National Security Strategic Investment Fund；业务方向：海上防务设备研发服务商。,企查查（境外）,Database,N/A,Manual,,3,3,3,3.00,B,企查查行业筛选后保留；正文选择按融资30%上限、三子板块下限、金额与路径优先级压减。,Database_Only,该交易已通过行业筛选，但现有披露不足以证明已形成太空算力商业闭环。,用于识别供应链能力、潜在合作方与竞争性资本流向。,产品指标、量产节点、付费客户与收入质量。,企查查全行业筛选；原币=1.75亿美元；RMB=约 RMB 11.9亿元；USD=USD 175M；source_seq=6,Manual_QCC
2026-W28-EVT-094,2026-07-12,2026-07-12,China,Technology,Commercial_Space,中国东方红卫星股份有限公司,中国卫星预告上半年扭亏为盈,"中国卫星预计上半年归母净利润3,050万至3,650万元，称卫星型号合同履约节点增加带动收入利润改善。",中财网转公司公告,Exchange_Mirror,https://cfi.cn/p20260712000272.html,A_Active,,3,3,3,3.00,B,已补扫并核实；按同心圆、产业影响和新颖性评分。,Brief,卫星制造验收节奏开始体现为财务改善，说明产业景气正在从订单预期向交付确认传导。,关注高价值载荷和星上处理模块是否进入公司新增收入结构。,半年报分部收入、毛利率与合同负债。,阶段1补扫；事实按所列来源核实。,Pass_A_Supplement
2026-W28-EVT-001,2026-07-06,2026-07-06,China,Policy,AI,待阶段3原文复核,广州市工业和信息化局,页面级候选：自动读取确认页面含本周日期；具体事件事实与相关性待阶段3原文复核。,gxj.gz.gov.cn,Official,http://gxj.gz.gov.cn/,S_Core,,2,2,2,2.00,C,仅页面日期命中，或属于转载/列表页/重复事件，未形成可独立核实的本周事实。,Exclude,不作为本周判断依据。,无独立决策增量。,如出现官方原文或独立任务节点再重新入库。,Pass_B 日期命中；不可直接作为正文事实。,Pass_B
2026-W28-EVT-003,2026-07-06,2026-07-06,Global,Policy,Commercial_Space,待阶段3原文复核,2026年07月06日《天天直播》,页面级候选：自动读取确认页面含本周日期；具体事件事实与相关性待阶段3原文复核。,aqnews.com.cn,Industry_Media,http://www.aqnews.com.cn/2026/07/07/99845040.html,Watch,,3,2,2,2.50,C,仅页面日期命中，或属于转载/列表页/重复事件，未形成可独立核实的本周事实。,Exclude,不作为本周判断依据。,无独立决策增量。,如出现官方原文或独立任务节点再重新入库。,Pass_A 日期命中；不可直接作为正文事实。,Pass_A
2026-W28-EVT-005,2026-07-06,2026-07-06,China,Technology,Commercial_Space,待阶段3原文复核,《全媒体大直播》 2026年07月06日,页面级候选：自动读取确认页面含本周日期；具体事件事实与相关性待阶段3原文复核。,hnntv.cn,Industry_Media,http://www.hnntv.cn/info/media/520/520646.html?columnName=%E5%85%A8%E5%AA%92%E4%BD%93%E5%A4%A7%E7%9B%B4%E6%92%AD&columnUrl=/news/index/news.html?tp=category_index_3_widget_left_news_qmtdzb,Watch,,3,2,2,2.50,C,仅页面日期命中，或属于转载/列表页/重复事件，未形成可独立核实的本周事实。,Exclude,不作为本周判断依据。,无独立决策增量。,如出现官方原文或独立任务节点再重新入库。,Pass_A 日期命中；不可直接作为正文事实。,Pass_A
2026-W28-EVT-007,2026-07-06,2026-07-06,Global,Technology,AI,待阶段3原文复核,金投网-财经日历,页面级候选：自动读取确认页面含本周日期；具体事件事实与相关性待阶段3原文复核。,calendar.cngold.org,Industry_Media,https://calendar.cngold.org/open/c723687.htm,Watch,,2,2,2,2.00,C,仅页面日期命中，或属于转载/列表页/重复事件，未形成可独立核实的本周事实。,Exclude,不作为本周判断依据。,无独立决策增量。,如出现官方原文或独立任务节点再重新入库。,Pass_A 日期命中；不可直接作为正文事实。,Pass_A
2026-W28-EVT-011,2026-07-06,2026-07-06,US,Technology,Commercial_Space,待阶段3原文复核,国内可回收火箭即将进入技术验证期,页面级候选：自动读取确认页面含本周日期；具体事件事实与相关性待阶段3原文复核。,field.10jqka.com.cn,Industry_Media,https://field.10jqka.com.cn/20260707/c677989959.shtml,Watch,,3,2,2,2.50,C,仅页面日期命中，或属于转载/列表页/重复事件，未形成可独立核实的本周事实。,Exclude,不作为本周判断依据。,无独立决策增量。,如出现官方原文或独立任务节点再重新入库。,Pass_A 日期命中；不可直接作为正文事实。,Pass_A
2026-W28-EVT-013,2026-07-06,2026-07-06,Global,Technology,Commercial_Space,待阶段3原文复核,_每日商报,页面级候选：自动读取确认页面含本周日期；具体事件事实与相关性待阶段3原文复核。,hzdaily.hangzhou.com.cn,Industry_Media,https://hzdaily.hangzhou.com.cn/mrsb/2026/07/06/article_detail_3_20260706A013.html,Watch,,3,2,2,2.50,C,仅页面日期命中，或属于转载/列表页/重复事件，未形成可独立核实的本周事实。,Exclude,不作为本周判断依据。,无独立决策增量。,如出现官方原文或独立任务节点再重新入库。,Pass_A 日期命中；不可直接作为正文事实。,Pass_A
2026-W28-EVT-014,2026-07-06,2026-07-06,China,Technology,Commercial_Space,待阶段3原文复核,中国科学院等离子体物理研究所,页面级候选：自动读取确认页面含本周日期；具体事件事实与相关性待阶段3原文复核。,ipp.cas.cn,Industry_Media,https://ipp.cas.cn/zhuanti/mzyy/202607/t20260706_848624.html,Watch,,3,2,2,2.50,C,仅页面日期命中，或属于转载/列表页/重复事件，未形成可独立核实的本周事实。,Exclude,不作为本周判断依据。,无独立决策增量。,如出现官方原文或独立任务节点再重新入库。,Pass_A 日期命中；不可直接作为正文事实。,Pass_A
2026-W28-EVT-015,2026-07-06,2026-07-06,Global,Technology,Chip,待阶段3原文复核,利扬芯片：7月10日获融资买入2.86亿元，融资余额连续4天增加，市场人气旺盛属强势市场|融券|融资融券余额|测试|高位|指标_新浪财经_新浪新闻,页面级候选：自动读取确认页面含本周日期；具体事件事实与相关性待阶段3原文复核。,k.sina.cn,Industry_Media,https://k.sina.cn/article_5952915705_162d248f906703b5a0.html,Watch,,2,2,2,2.00,C,仅页面日期命中，或属于转载/列表页/重复事件，未形成可独立核实的本周事实。,Exclude,不作为本周判断依据。,无独立决策增量。,如出现官方原文或独立任务节点再重新入库。,Pass_A 日期命中；不可直接作为正文事实。,Pass_A
2026-W28-EVT-016,2026-07-06,2026-07-06,Global,Technology,Commercial_Space,待阶段3原文复核,2026年7月6日未来商业市场热点|热点_手机网易网,页面级候选：自动读取确认页面含本周日期；具体事件事实与相关性待阶段3原文复核。,m.163.com,Industry_Media,https://m.163.com/dy/article/L145FFBV0512B07B.html,Watch,,3,2,2,2.50,C,仅页面日期命中，或属于转载/列表页/重复事件，未形成可独立核实的本周事实。,Exclude,不作为本周判断依据。,无独立决策增量。,如出现官方原文或独立任务节点再重新入库。,Pass_A 日期命中；不可直接作为正文事实。,Pass_A
2026-W28-EVT-018,2026-07-06,2026-07-06,Global,Technology,Commercial_Space,待阶段3原文复核,天问二号：我已抵达目标小行星_腾讯新闻,页面级候选：自动读取确认页面含本周日期；具体事件事实与相关性待阶段3原文复核。,news.qq.com,Industry_Media,https://news.qq.com/rain/a/20260706A02RG300,Watch,,3,2,2,2.50,C,仅页面日期命中，或属于转载/列表页/重复事件，未形成可独立核实的本周事实。,Exclude,不作为本周判断依据。,无独立决策增量。,如出现官方原文或独立任务节点再重新入库。,Pass_A 日期命中；不可直接作为正文事实。,Pass_A
2026-W28-EVT-022,2026-07-06,2026-07-06,Global,Technology,Commercial_Space,待阶段3原文复核,抵达目标小行星！天问二号最新消息→-新闻-青岛网络广播电视台,页面级候选：自动读取确认页面含本周日期；具体事件事实与相关性待阶段3原文复核。,news.qtv.com.cn,Industry_Media,https://news.qtv.com.cn/system/2026/07/06/016160803.shtml,Watch,,3,2,2,2.50,C,仅页面日期命中，或属于转载/列表页/重复事件，未形成可独立核实的本周事实。,Exclude,不作为本周判断依据。,无独立决策增量。,如出现官方原文或独立任务节点再重新入库。,Pass_A 日期命中；不可直接作为正文事实。,Pass_A
2026-W28-EVT-024,2026-07-06,2026-07-06,China,Technology,Commercial_Space,待阶段3原文复核,北京市生态环境局2026年7月远程线索核查信息公示,页面级候选：自动读取确认页面含本周日期；具体事件事实与相关性待阶段3原文复核。,sthjj.beijing.gov.cn,Official,https://sthjj.beijing.gov.cn/bjhrb/index/ztzl/xzzfgslm/xzzfsqgk/zfryxx/744061612/index.html,S_Core,,3,2,2,2.50,C,仅页面日期命中，或属于转载/列表页/重复事件，未形成可独立核实的本周事实。,Exclude,不作为本周判断依据。,无独立决策增量。,如出现官方原文或独立任务节点再重新入库。,Pass_A 日期命中；不可直接作为正文事实。,Pass_A
2026-W28-EVT-035,2026-07-06,2026-07-06,Global,Technology,Commercial_Space,待阶段3原文复核,2026年7月6日《常平新闻》,页面级候选：自动读取确认页面含本周日期；具体事件事实与相关性待阶段3原文复核。,webzdg.sun0769.com,Industry_Media,https://webzdg.sun0769.com/web/news/content/849060?share=1,Watch,,3,2,2,2.50,C,仅页面日期命中，或属于转载/列表页/重复事件，未形成可独立核实的本周事实。,Exclude,不作为本周判断依据。,无独立决策增量。,如出现官方原文或独立任务节点再重新入库。,Pass_A 日期命中；不可直接作为正文事实。,Pass_A
2026-W28-EVT-036,2026-07-06,2026-07-06,Global,Technology,Chip,待阶段3原文复核,Newsroom \ Anthropic,页面级候选：自动读取确认页面含本周日期；具体事件事实与相关性待阶段3原文复核。,anthropic.com,Industry_Media,https://www.anthropic.com/news,Watch,,2,2,2,2.00,C,仅页面日期命中，或属于转载/列表页/重复事件，未形成可独立核实的本周事实。,Exclude,不作为本周判断依据。,无独立决策增量。,如出现官方原文或独立任务节点再重新入库。,Pass_B 日期命中；不可直接作为正文事实。,Pass_B
2026-W28-EVT-037,2026-07-06,2026-07-06,Global,Technology,Commercial_Space,待阶段3原文复核,创业板指数（2026年07月06日-2026年07月10日）,页面级候选：自动读取确认页面含本周日期；具体事件事实与相关性待阶段3原文复核。,cei.cn,Industry_Media,https://www.cei.cn//defaultsite/s/article/2026/07/10/4b4ff607-9d914745-019f-4b0dd10e-2543_home.html?referCode=jrzscy&columnId=4028c7ca-37115425-0137-1156d615-0561,Watch,,3,2,2,2.50,C,仅页面日期命中，或属于转载/列表页/重复事件，未形成可独立核实的本周事实。,Exclude,不作为本周判断依据。,无独立决策增量。,如出现官方原文或独立任务节点再重新入库。,Pass_A 日期命中；不可直接作为正文事实。,Pass_A
2026-W28-EVT-038,2026-07-06,2026-07-06,China,Policy,AI,待阶段3原文复核,中国商业航天IPO潮起：技术突破与资本角逐新赛道_报告大厅,页面级候选：自动读取确认页面含本周日期；具体事件事实与相关性待阶段3原文复核。,chinabgao.com,Industry_Media,https://www.chinabgao.com/finance/info/286981.html,Watch,,2,2,2,2.00,C,仅页面日期命中，或属于转载/列表页/重复事件，未形成可独立核实的本周事实。,Exclude,不作为本周判断依据。,无独立决策增量。,如出现官方原文或独立任务节点再重新入库。,Pass_A 日期命中；不可直接作为正文事实。,Pass_A
2026-W28-EVT-039,2026-07-06,2026-07-06,China,Technology,Commercial_Space,待阶段3原文复核,中国卫星互联网行业深度分析及发展前景预测2026_中研普华_中研网,页面级候选：自动读取确认页面含本周日期；具体事件事实与相关性待阶段3原文复核。,chinairn.com,Industry_Media,https://www.chinairn.com/news/20260706/17400049.shtml,Watch,,3,2,2,2.50,C,仅页面日期命中，或属于转载/列表页/重复事件，未形成可独立核实的本周事实。,Exclude,不作为本周判断依据。,无独立决策增量。,如出现官方原文或独立任务节点再重新入库。,Pass_A 日期命中；不可直接作为正文事实。,Pass_A
2026-W28-EVT-042,2026-07-06,2026-07-06,China,Technology,Commercial_Space,待阶段3原文复核,要闻动态,页面级候选：自动读取确认页面含本周日期；具体事件事实与相关性待阶段3原文复核。,cnsa.gov.cn,Official,https://www.cnsa.gov.cn/n6758823/n6758838/index.html,S_Core,,3,2,2,2.50,C,仅页面日期命中，或属于转载/列表页/重复事件，未形成可独立核实的本周事实。,Exclude,不作为本周判断依据。,无独立决策增量。,如出现官方原文或独立任务节点再重新入库。,Pass_B 日期命中；不可直接作为正文事实。,Pass_B
2026-W28-EVT-045,2026-07-06,2026-07-06,Global,Technology,Commercial_Space,待阶段3原文复核,2026年7月6日重庆手机报-华龙网-重庆市委市政府官方新闻门户,页面级候选：自动读取确认页面含本周日期；具体事件事实与相关性待阶段3原文复核。,cqnews.net,Industry_Media,https://www.cqnews.net/web/content_1523757819244199936.html,Watch,,3,2,2,2.50,C,仅页面日期命中，或属于转载/列表页/重复事件，未形成可独立核实的本周事实。,Exclude,不作为本周判断依据。,无独立决策增量。,如出现官方原文或独立任务节点再重新入库。,Pass_A 日期命中；不可直接作为正文事实。,Pass_A
2026-W28-EVT-049,2026-07-06,2026-07-06,China,Policy,AI,待阶段3原文复核,中华人民共和国工业和信息化部,页面级候选：自动读取确认页面含本周日期；具体事件事实与相关性待阶段3原文复核。,miit.gov.cn,Official,https://www.miit.gov.cn/jgsj/xxhfzs/,S_Core,,2,2,2,2.00,C,仅页面日期命中，或属于转载/列表页/重复事件，未形成可独立核实的本周事实。,Exclude,不作为本周判断依据。,无独立决策增量。,如出现官方原文或独立任务节点再重新入库。,Pass_B 日期命中；使用备用入口；不可直接作为正文事实。,Pass_B
2026-W28-EVT-058,2026-07-06,2026-07-06,China,Policy,Other,待阶段3原文复核,中华人民共和国国家发展和改革委员会,页面级候选：自动读取确认页面含本周日期；具体事件事实与相关性待阶段3原文复核。,ndrc.gov.cn,Official,https://www.ndrc.gov.cn/xxgk/jdpt/,S_Core,,1,2,2,1.50,C,仅页面日期命中，或属于转载/列表页/重复事件，未形成可独立核实的本周事实。,Exclude,不作为本周判断依据。,无独立决策增量。,如出现官方原文或独立任务节点再重新入库。,Pass_B 日期命中；使用备用入口；不可直接作为正文事实。,Pass_B
2026-W28-EVT-059,2026-07-06,2026-07-06,China,Technology,Commercial_Space,待阶段3原文复核,2026年7月6日-上海市虹口区人民政府,页面级候选：自动读取确认页面含本周日期；具体事件事实与相关性待阶段3原文复核。,shhk.gov.cn,Official,https://www.shhk.gov.cn/xwzx/002007/20260710/39a5284b-8c29-4d08-925b-b96357e91e9b.html,S_Core,,3,2,2,2.50,C,仅页面日期命中，或属于转载/列表页/重复事件，未形成可独立核实的本周事实。,Exclude,不作为本周判断依据。,无独立决策增量。,如出现官方原文或独立任务节点再重新入库。,Pass_A 日期命中；不可直接作为正文事实。,Pass_A
2026-W28-EVT-141,2026-07-06,2026-07-06,China,Financing,Chip,杭州芯正微电子有限公司,杭州芯正微电子有限公司完成融资,融资轮次/事件：Financing；金额：未披露；投资方：毅达资本；业务方向：集成电路及微系统研发商。,企查查（境内）,Database,N/A,Manual,,2,3,3,2.50,C,企查查行业筛选后保留；正文选择按融资30%上限、三子板块下限、金额与路径优先级压减。,Database_Only,该交易已通过行业筛选，但现有披露不足以证明已形成太空算力商业闭环。,用于识别供应链能力、潜在合作方与竞争性资本流向。,产品指标、量产节点、付费客户与收入质量。,企查查全行业筛选；原币=-；RMB=-；USD=-；source_seq=164,Manual_QCC
2026-W28-EVT-142,2026-07-06,2026-07-06,China,Financing,Chip,极宁科技（上海）有限公司,极宁科技（上海）有限公司完成融资,融资轮次/事件：Financing；金额：未披露；投资方：宏科百世；新洋丰；业务方向：电源设备研发商。,企查查（境内）,Database,N/A,Manual,,2,3,3,2.50,C,企查查行业筛选后保留；正文选择按融资30%上限、三子板块下限、金额与路径优先级压减。,Database_Only,该交易已通过行业筛选，但现有披露不足以证明已形成太空算力商业闭环。,用于识别供应链能力、潜在合作方与竞争性资本流向。,产品指标、量产节点、付费客户与收入质量。,企查查全行业筛选；原币=-；RMB=-；USD=-；source_seq=168,Manual_QCC
2026-W28-EVT-144,2026-07-06,2026-07-06,China,Financing,Chip,深圳市永而佳实业有限公司,深圳市永而佳实业有限公司完成融资,融资轮次/事件：Financing；金额：未披露；投资方：中國綠色照明有限公司；业务方向：半导体分立器件产销商。,企查查（境内）,Database,N/A,Manual,,2,3,3,2.50,C,企查查行业筛选后保留；正文选择按融资30%上限、三子板块下限、金额与路径优先级压减。,Database_Only,该交易已通过行业筛选，但现有披露不足以证明已形成太空算力商业闭环。,用于识别供应链能力、潜在合作方与竞争性资本流向。,产品指标、量产节点、付费客户与收入质量。,企查查全行业筛选；原币=-；RMB=-；USD=-；source_seq=172,Manual_QCC
2026-W28-EVT-145,2026-07-06,2026-07-06,China,Financing,Chip,杭州荧飞光芯科技有限公司,杭州荧飞光芯科技有限公司完成融资,融资轮次/事件：Financing；金额：未披露；投资方：浙江慧远；信凯科技；杭州临新数艺企业管理合伙企业（有限合伙）；业务方向：计算机硬件服务提供商。,企查查（境内）,Database,N/A,Manual,,2,3,3,2.50,C,企查查行业筛选后保留；正文选择按融资30%上限、三子板块下限、金额与路径优先级压减。,Database_Only,该交易已通过行业筛选，但现有披露不足以证明已形成太空算力商业闭环。,用于识别供应链能力、潜在合作方与竞争性资本流向。,产品指标、量产节点、付费客户与收入质量。,企查查全行业筛选；原币=-；RMB=-；USD=-；source_seq=173,Manual_QCC
2026-W28-EVT-147,2026-07-06,2026-07-06,China,Financing,Chip,宁波市诺鼎微新材料有限公司,宁波市诺鼎微新材料有限公司完成融资,融资轮次/事件：Financing；金额：未披露；投资方：派诺资本；镇海产业基金；业务方向：电力电子元器件制造商。,企查查（境内）,Database,N/A,Manual,,2,3,3,2.50,C,企查查行业筛选后保留；正文选择按融资30%上限、三子板块下限、金额与路径优先级压减。,Database_Only,该交易已通过行业筛选，但现有披露不足以证明已形成太空算力商业闭环。,用于识别供应链能力、潜在合作方与竞争性资本流向。,产品指标、量产节点、付费客户与收入质量。,企查查全行业筛选；原币=-；RMB=-；USD=-；source_seq=192,Manual_QCC
2026-W28-EVT-160,2026-07-06,2026-07-06,-,Financing,AI,Bespoke Labs,Bespoke Labs完成融资,融资轮次/事件：Financing；金额：USD 40M（约 RMB 2.72亿元）；投资方：Wing Venture Capital；Mayfield；The House Fund；， 个人（Tristan Handy）；业务方向：AI智能体训练平台开发商。,企查查（境外）,Database,N/A,Manual,,2,3,3,2.50,C,企查查行业筛选后保留；正文选择按融资30%上限、三子板块下限、金额与路径优先级压减。,Database_Only,该交易已通过行业筛选，但现有披露不足以证明已形成太空算力商业闭环。,用于识别供应链能力、潜在合作方与竞争性资本流向。,产品指标、量产节点、付费客户与收入质量。,企查查全行业筛选；原币=4000万美元；RMB=约 RMB 2.72亿元；USD=USD 40M；source_seq=53,Manual_QCC
2026-W28-EVT-008,2026-07-07,2026-07-07,Global,Technology,AI,待阶段3原文复核,金投网-财经日历,页面级候选：自动读取确认页面含本周日期；具体事件事实与相关性待阶段3原文复核。,calendar.cngold.org,Industry_Media,https://calendar.cngold.org/open/c726682.htm,Watch,,2,2,2,2.00,C,仅页面日期命中，或属于转载/列表页/重复事件，未形成可独立核实的本周事实。,Exclude,不作为本周判断依据。,无独立决策增量。,如出现官方原文或独立任务节点再重新入库。,Pass_A 日期命中；不可直接作为正文事实。,Pass_A
2026-W28-EVT-009,2026-07-07,2026-07-07,Global,Technology,Chip,待阶段3原文复核,阶跃星辰发布会定档7月13，预计日发布新一代智能体终端及AI手机_中华网,页面级候选：自动读取确认页面含本周日期；具体事件事实与相关性待阶段3原文复核。,digi.china.com,Industry_Media,https://digi.china.com/digi/20260710/202607101913821.html,Watch,,2,2,2,2.00,C,仅页面日期命中，或属于转载/列表页/重复事件，未形成可独立核实的本周事实。,Exclude,不作为本周判断依据。,无独立决策增量。,如出现官方原文或独立任务节点再重新入库。,Pass_A 日期命中；不可直接作为正文事实。,Pass_A
2026-W28-EVT-010,2026-07-07,2026-07-07,Global,Technology,Commercial_Space,待阶段3原文复核,证券时报电子报实时通过手机APP、网站免费阅读重大财经新闻资讯及上市公司公告,页面级候选：自动读取确认页面含本周日期；具体事件事实与相关性待阶段3原文复核。,epaper.stcn.com,Industry_Media,https://epaper.stcn.com/con/202607/07/content_2947401.html,Watch,,3,2,2,2.50,C,仅页面日期命中，或属于转载/列表页/重复事件，未形成可独立核实的本周事实。,Exclude,不作为本周判断依据。,无独立决策增量。,如出现官方原文或独立任务节点再重新入库。,Pass_A 日期命中；不可直接作为正文事实。,Pass_A
2026-W28-EVT-012,2026-07-07,2026-07-07,Global,Policy,Chip,待阶段3原文复核,2026世界人工智能大会会前已累计达成162亿元意向合作-我的钢铁网,页面级候选：自动读取确认页面含本周日期；具体事件事实与相关性待阶段3原文复核。,gc.mysteel.com,Industry_Media,https://gc.mysteel.com/a/26070710/B7EB06415EE8EE88.html,Watch,,2,2,2,2.00,C,仅页面日期命中，或属于转载/列表页/重复事件，未形成可独立核实的本周事实。,Exclude,不作为本周判断依据。,无独立决策增量。,如出现官方原文或独立任务节点再重新入库。,Pass_A 日期命中；不可直接作为正文事实。,Pass_A
2026-W28-EVT-019,2026-07-07,2026-07-07,Global,Technology,Chip,待阶段3原文复核,7月7日A股盘前要闻_腾讯新闻,页面级候选：自动读取确认页面含本周日期；具体事件事实与相关性待阶段3原文复核。,news.qq.com,Industry_Media,https://news.qq.com/rain/a/20260707A02JQD00,Watch,,2,2,2,2.00,C,仅页面日期命中，或属于转载/列表页/重复事件，未形成可独立核实的本周事实。,Exclude,不作为本周判断依据。,无独立决策增量。,如出现官方原文或独立任务节点再重新入库。,Pass_A 日期命中；不可直接作为正文事实。,Pass_A
2026-W28-EVT-020,2026-07-07,2026-07-07,Global,Technology,Chip,待阶段3原文复核,2026世界人工智能大会各项筹备工作已进入最后冲刺阶段_腾讯新闻,页面级候选：自动读取确认页面含本周日期；具体事件事实与相关性待阶段3原文复核。,news.qq.com,Industry_Media,https://news.qq.com/rain/a/20260707A03EIM00,Watch,,2,2,2,2.00,C,仅页面日期命中，或属于转载/列表页/重复事件，未形成可独立核实的本周事实。,Exclude,不作为本周判断依据。,无独立决策增量。,如出现官方原文或独立任务节点再重新入库。,Pass_A 日期命中；不可直接作为正文事实。,Pass_A
2026-W28-EVT-023,2026-07-07,2026-07-07,China,Technology,Commercial_Space,待阶段3原文复核,· WTO TBT-SPS预警快报（2026年第6期）,页面级候选：自动读取确认页面含本周日期；具体事件事实与相关性待阶段3原文复核。,scjg.sjz.gov.cn,Official,https://scjg.sjz.gov.cn/columns/2b995d64-e3ba-45f6-9a4d-8e7292af61e5/202607/07/a7caa702-a7d7-4a85-8bda-786887df7db2.html,S_Core,,3,2,2,2.50,C,仅页面日期命中，或属于转载/列表页/重复事件，未形成可独立核实的本周事实。,Exclude,不作为本周判断依据。,无独立决策增量。,如出现官方原文或独立任务节点再重新入库。,Pass_A 日期命中；不可直接作为正文事实。,Pass_A
2026-W28-EVT-025,2026-07-07,2026-07-07,Global,Technology,Commercial_Space,待阶段3原文复核,���ڿɻ��ջ���������뼼����֤�ڣ��������������ǰ����ҵ�������ɳ�¯��������_��ƱƵ��_֤ȯ֮��,页面级候选：自动读取确认页面含本周日期；具体事件事实与相关性待阶段3原文复核。,stock.stockstar.com,Industry_Media,https://stock.stockstar.com/SS2026070700007721.shtml,Watch,,3,2,2,2.50,C,仅页面日期命中，或属于转载/列表页/重复事件，未形成可独立核实的本周事实。,Exclude,不作为本周判断依据。,无独立决策增量。,如出现官方原文或独立任务节点再重新入库。,Pass_A 日期命中；不可直接作为正文事实。,Pass_A
2026-W28-EVT-026,2026-07-07,2026-07-07,Global,Technology,Commercial_Space,待阶段3原文复核,���ڿɻ��ջ���������뼼����֤��-�Ƽ�Ƶ��-��Ѷ��,页面级候选：自动读取确认页面含本周日期；具体事件事实与相关性待阶段3原文复核。,tech.hexun.com,Industry_Media,https://tech.hexun.com/2026-07-07/224547172.html,Watch,,3,2,2,2.50,C,仅页面日期命中，或属于转载/列表页/重复事件，未形成可独立核实的本周事实。,Exclude,不作为本周判断依据。,无独立决策增量。,如出现官方原文或独立任务节点再重新入库。,Pass_A 日期命中；不可直接作为正文事实。,Pass_A
2026-W28-EVT-032,2026-07-07,2026-07-07,China,Policy,Chip,待阶段3原文复核,工业和信息化部办公厅关于开展2026年印染行业规范企业公告申报工作的通知,页面级候选：自动读取确认页面含本周日期；具体事件事实与相关性待阶段3原文复核。,wap.miit.gov.cn,Official,https://wap.miit.gov.cn/zwgk/zcwj/wjfb/tz/art/2026/art_3426cedb9e214fb3a134008f4ce8d601.html,S_Core,,2,2,2,2.00,C,仅页面日期命中，或属于转载/列表页/重复事件，未形成可独立核实的本周事实。,Exclude,不作为本周判断依据。,无独立决策增量。,如出现官方原文或独立任务节点再重新入库。,Pass_A 日期命中；不可直接作为正文事实。,Pass_A
2026-W28-EVT-033,2026-07-07,2026-07-07,China,Policy,Chip,待阶段3原文复核,工业和信息化部办公厅关于印发2026年第四批行业标准制修订项目计划的通知,页面级候选：自动读取确认页面含本周日期；具体事件事实与相关性待阶段3原文复核。,wap.miit.gov.cn,Official,https://wap.miit.gov.cn/zwgk/zcwj/wjfb/tz/art/2026/art_6f8bfa6c47244cf791073fb27e318c29.html,S_Core,,2,2,2,2.00,C,仅页面日期命中，或属于转载/列表页/重复事件，未形成可独立核实的本周事实。,Exclude,不作为本周判断依据。,无独立决策增量。,如出现官方原文或独立任务节点再重新入库。,Pass_A 日期命中；不可直接作为正文事实。,Pass_A
2026-W28-EVT-034,2026-07-07,2026-07-07,Global,Technology,Commercial_Space,待阶段3原文复核,国内可回收火箭即将进入技术验证期，融资余额增幅居前的商业航天概念股出炉（名单）_个股掘金_股票_证券之星,页面级候选：自动读取确认页面含本周日期；具体事件事实与相关性待阶段3原文复核。,wap.stockstar.com,Industry_Media,https://wap.stockstar.com/detail/SS2026070700007721,Watch,,3,2,2,2.50,C,仅页面日期命中，或属于转载/列表页/重复事件，未形成可独立核实的本周事实。,Exclude,不作为本周判断依据。,无独立决策增量。,如出现官方原文或独立任务节点再重新入库。,Pass_A 日期命中；不可直接作为正文事实。,Pass_A
2026-W28-EVT-044,2026-07-07,2026-07-07,China,Technology,Chip,待阶段3原文复核,7月7日每日研选 | Agentic AI重构算力格局，CPU产业链迎来涨价机遇-上海证券报·中国证券网,页面级候选：自动读取确认页面含本周日期；具体事件事实与相关性待阶段3原文复核。,cnstock.com,Industry_Media,https://www.cnstock.com/commonDetail/739528,Watch,,2,2,2,2.00,C,仅页面日期命中，或属于转载/列表页/重复事件，未形成可独立核实的本周事实。,Exclude,不作为本周判断依据。,无独立决策增量。,如出现官方原文或独立任务节点再重新入库。,Pass_A 日期命中；不可直接作为正文事实。,Pass_A
2026-W28-EVT-048,2026-07-07,2026-07-07,China,Policy,Chip,待阶段3原文复核,工业和信息化部办公厅关于开展2026年印染行业规范企业公告申报工作的通知,页面级候选：自动读取确认页面含本周日期；具体事件事实与相关性待阶段3原文复核。,miit.gov.cn,Official,https://www.miit.gov.cn/jgsj/xfpgys/fz/art/2026/art_8bb5674f42d04d1eb2b83e7614d9c4f3.html,S_Core,,2,2,2,2.00,C,仅页面日期命中，或属于转载/列表页/重复事件，未形成可独立核实的本周事实。,Exclude,不作为本周判断依据。,无独立决策增量。,如出现官方原文或独立任务节点再重新入库。,Pass_A 日期命中；不可直接作为正文事实。,Pass_A
2026-W28-EVT-052,2026-07-07,2026-07-07,China,Technology,Chip,待阶段3原文复核,李乐成出席联合国首届人工智能治理全球对话：愿共同构建全球治理体系,页面级候选：自动读取确认页面含本周日期；具体事件事实与相关性待阶段3原文复核。,miit.gov.cn,Official,https://www.miit.gov.cn/xwfb/mtbd/twbd/art/2026/art_972712827a8f4a4f95af52c5bbb4ca90.html,S_Core,,2,2,2,2.00,C,仅页面日期命中，或属于转载/列表页/重复事件，未形成可独立核实的本周事实。,Exclude,不作为本周判断依据。,无独立决策增量。,如出现官方原文或独立任务节点再重新入库。,Pass_A 日期命中；不可直接作为正文事实。,Pass_A
2026-W28-EVT-053,2026-07-07,2026-07-07,China,Technology,Chip,待阶段3原文复核,总书记的人民情怀 | “建设社会主义现代化强国，关键在科技自立自强”,页面级候选：自动读取确认页面含本周日期；具体事件事实与相关性待阶段3原文复核。,miit.gov.cn,Official,https://www.miit.gov.cn/xwfb/szyw/art/2026/art_ab7b41b7073a42d6abf6037b4005246b.html,S_Core,,2,2,2,2.00,C,仅页面日期命中，或属于转载/列表页/重复事件，未形成可独立核实的本周事实。,Exclude,不作为本周判断依据。,无独立决策增量。,如出现官方原文或独立任务节点再重新入库。,Pass_A 日期命中；不可直接作为正文事实。,Pass_A
2026-W28-EVT-060,2026-07-07,2026-07-07,Global,Technology,Commercial_Space,待阶段3原文复核,国内可回收火箭即将进入技术验证期,页面级候选：自动读取确认页面含本周日期；具体事件事实与相关性待阶段3原文复核。,stcn.com,Industry_Media,https://www.stcn.com/article/detail/4001095.html,Watch,,3,2,2,2.50,C,仅页面日期命中，或属于转载/列表页/重复事件，未形成可独立核实的本周事实。,Exclude,不作为本周判断依据。,无独立决策增量。,如出现官方原文或独立任务节点再重新入库。,Pass_A 日期命中；不可直接作为正文事实。,Pass_A
2026-W28-EVT-061,2026-07-07,2026-07-07,China,Technology,Chip,待阶段3原文复核,2026世界人工智能大会各项筹备工作已进入最后冲刺阶段,页面级候选：自动读取确认页面含本周日期；具体事件事实与相关性待阶段3原文复核。,stcn.com,Industry_Media,https://www.stcn.com/article/detail/4001621.html,Watch,,2,2,2,2.00,C,仅页面日期命中，或属于转载/列表页/重复事件，未形成可独立核实的本周事实。,Exclude,不作为本周判断依据。,无独立决策增量。,如出现官方原文或独立任务节点再重新入库。,Pass_A 日期命中；不可直接作为正文事实。,Pass_A
2026-W28-EVT-062,2026-07-07,2026-07-07,China,Technology,Chip,待阶段3原文复核,2026世界人工智能大会各项筹备工作已进入最后冲刺阶段—顶端新闻,页面级候选：自动读取确认页面含本周日期；具体事件事实与相关性待阶段3原文复核。,topnews.cn,Industry_Media,https://www.topnews.cn/news/145FDEED42BF4873,Watch,,2,2,2,2.00,C,仅页面日期命中，或属于转载/列表页/重复事件，未形成可独立核实的本周事实。,Exclude,不作为本周判断依据。,无独立决策增量。,如出现官方原文或独立任务节点再重新入库。,Pass_A 日期命中；不可直接作为正文事实。,Pass_A
2026-W28-EVT-136,2026-07-07,2026-07-07,China,Financing,Chip,苏州达蒙德半导体科技有限公司,苏州达蒙德半导体科技有限公司完成融资,融资轮次/事件：Financing；金额：未披露；投资方：新微资本；昆山工研院基金；业务方向：金刚石衬底与设备供应商。,企查查（境内）,Database,N/A,Manual,,2,3,3,2.50,C,企查查行业筛选后保留；正文选择按融资30%上限、三子板块下限、金额与路径优先级压减。,Database_Only,该交易已通过行业筛选，但现有披露不足以证明已形成太空算力商业闭环。,用于识别供应链能力、潜在合作方与竞争性资本流向。,产品指标、量产节点、付费客户与收入质量。,企查查全行业筛选；原币=-；RMB=-；USD=-；source_seq=142,Manual_QCC
2026-W28-EVT-139,2026-07-07,2026-07-07,China,Financing,Chip,武汉泰思原构半导体有限责任公司,武汉泰思原构半导体有限责任公司完成融资,融资轮次/事件：Financing；金额：未披露；投资方：普朗克创投；业务方向：电子专用材料制造商。,企查查（境内）,Database,N/A,Manual,,2,3,3,2.50,C,企查查行业筛选后保留；正文选择按融资30%上限、三子板块下限、金额与路径优先级压减。,Database_Only,该交易已通过行业筛选，但现有披露不足以证明已形成太空算力商业闭环。,用于识别供应链能力、潜在合作方与竞争性资本流向。,产品指标、量产节点、付费客户与收入质量。,企查查全行业筛选；原币=-；RMB=-；USD=-；source_seq=151,Manual_QCC
2026-W28-EVT-006,2026-07-08,2026-07-08,China,Policy,Other,待阶段3原文复核,首页 | 上海证券交易所,页面级候选：自动读取确认页面含本周日期；具体事件事实与相关性待阶段3原文复核。,sse.com.cn,Industry_Media,http://www.sse.com.cn/disclosure/,Watch,,1,2,2,1.50,C,仅页面日期命中，或属于转载/列表页/重复事件，未形成可独立核实的本周事实。,Exclude,不作为本周判断依据。,无独立决策增量。,如出现官方原文或独立任务节点再重新入库。,Pass_B 日期命中；使用备用入口；不可直接作为正文事实。,Pass_B
2026-W28-EVT-027,2026-07-08,2026-07-08,Global,Technology,Chip,待阶段3原文复核,2026世界人工智能大会将于7月17日至20日举办_早安山东_山东卫视_山东网络台_齐鲁网,页面级候选：自动读取确认页面含本周日期；具体事件事实与相关性待阶段3原文复核。,v.iqilu.com,Industry_Media,https://v.iqilu.com/sdws/zasd/2026/0708/5914455.html,Watch,,2,2,2,2.00,C,仅页面日期命中，或属于转载/列表页/重复事件，未形成可独立核实的本周事实。,Exclude,不作为本周判断依据。,无独立决策增量。,如出现官方原文或独立任务节点再重新入库。,Pass_A 日期命中；不可直接作为正文事实。,Pass_A
2026-W28-EVT-030,2026-07-08,2026-07-08,China,Technology,Chip,待阶段3原文复核,工业和信息化部召开重点建议提案办理座谈会,页面级候选：自动读取确认页面含本周日期；具体事件事实与相关性待阶段3原文复核。,wap.miit.gov.cn,Official,https://wap.miit.gov.cn/xwfb/bldhd/art/2026/art_0bd2e5ee157f46d4b97a449c235f3747.html,S_Core,,2,2,2,2.00,C,仅页面日期命中，或属于转载/列表页/重复事件，未形成可独立核实的本周事实。,Exclude,不作为本周判断依据。,无独立决策增量。,如出现官方原文或独立任务节点再重新入库。,Pass_A 日期命中；不可直接作为正文事实。,Pass_A
2026-W28-EVT-127,2026-07-08,2026-07-08,China,Financing,Chip,南京云程半导体有限公司,南京云程半导体有限公司完成融资,融资轮次/事件：Financing；金额：未披露；投资方：万石创投；深创投；青岛瀚璞股权投资合伙企业（有限合伙）；业务方向：无线通信芯片设计服务商。,企查查（境内）,Database,N/A,Manual,,2,3,3,2.50,C,企查查行业筛选后保留；正文选择按融资30%上限、三子板块下限、金额与路径优先级压减。,Database_Only,该交易已通过行业筛选，但现有披露不足以证明已形成太空算力商业闭环。,用于识别供应链能力、潜在合作方与竞争性资本流向。,产品指标、量产节点、付费客户与收入质量。,企查查全行业筛选；原币=-；RMB=-；USD=-；source_seq=97,Manual_QCC
2026-W28-EVT-128,2026-07-08,2026-07-08,China,Financing,Chip,苏州信越半导体有限公司,苏州信越半导体有限公司完成融资,融资轮次/事件：Financing；金额：未披露；投资方：太一资产；浦东科投；南京市创新投资集团；东湖高新投资；业务方向：半导体外延整体解决方案提供商。,企查查（境内）,Database,N/A,Manual,,2,3,3,2.50,C,企查查行业筛选后保留；正文选择按融资30%上限、三子板块下限、金额与路径优先级压减。,Database_Only,该交易已通过行业筛选，但现有披露不足以证明已形成太空算力商业闭环。,用于识别供应链能力、潜在合作方与竞争性资本流向。,产品指标、量产节点、付费客户与收入质量。,企查查全行业筛选；原币=-；RMB=-；USD=-；source_seq=105,Manual_QCC
2026-W28-EVT-131,2026-07-08,2026-07-08,China,Financing,Chip,上海量感智能科技有限公司,上海量感智能科技有限公司完成融资,融资轮次/事件：Financing；金额：RMB 数千万元（约 USD 数百万）；投资方：孚腾资本；六禾创投；业务方向：量子传感技术研发商。,企查查（境内）,Database,N/A,Manual,,2,3,3,2.50,C,企查查行业筛选后保留；正文选择按融资30%上限、三子板块下限、金额与路径优先级压减。,Database_Only,该交易已通过行业筛选，但现有披露不足以证明已形成太空算力商业闭环。,用于识别供应链能力、潜在合作方与竞争性资本流向。,产品指标、量产节点、付费客户与收入质量。,企查查全行业筛选；原币=数千万元；RMB=RMB 数千万元；USD=约 USD 数百万；source_seq=121,Manual_QCC
2026-W28-EVT-004,2026-07-09,2026-07-09,China,Policy,Commercial_Space,待阶段3原文复核,国际航线审批结果公开（C2026006）,页面级候选：自动读取确认页面含本周日期；具体事件事实与相关性待阶段3原文复核。,caac.gov.cn,Official,http://www.caac.gov.cn/XXGK/XXGK/TZTG/202607/t20260710_231248.html,S_Core,,3,2,2,2.50,C,仅页面日期命中，或属于转载/列表页/重复事件，未形成可独立核实的本周事实。,Exclude,不作为本周判断依据。,无独立决策增量。,如出现官方原文或独立任务节点再重新入库。,Pass_A 日期命中；不可直接作为正文事实。,Pass_A
2026-W28-EVT-017,2026-07-09,2026-07-09,Global,Technology,Chip,待阶段3原文复核,路透曝光Meta自研AI芯片进展，Iris六周完成测试配套完整供应链-观察君-金融界,页面级候选：自动读取确认页面含本周日期；具体事件事实与相关性待阶段3原文复核。,m.jrj.com.cn,Industry_Media,https://m.jrj.com.cn/madapter/finance/2026/07/09211357749576.shtml,Watch,,2,2,2,2.00,C,仅页面日期命中，或属于转载/列表页/重复事件，未形成可独立核实的本周事实。,Exclude,不作为本周判断依据。,无独立决策增量。,如出现官方原文或独立任务节点再重新入库。,Pass_A 日期命中；不可直接作为正文事实。,Pass_A
2026-W28-EVT-029,2026-07-09,2026-07-09,China,Technology,Chip,待阶段3原文复核,2026年6月汽车工业经济运行情况,页面级候选：自动读取确认页面含本周日期；具体事件事实与相关性待阶段3原文复核。,wap.miit.gov.cn,Official,https://wap.miit.gov.cn/jgsj/zbys/qcgy/art/2026/art_1ff554c909a142cdb56b188a9a9a7f2f.html,S_Core,,2,2,2,2.00,C,仅页面日期命中，或属于转载/列表页/重复事件，未形成可独立核实的本周事实。,Exclude,不作为本周判断依据。,无独立决策增量。,如出现官方原文或独立任务节点再重新入库。,Pass_A 日期命中；不可直接作为正文事实。,Pass_A
2026-W28-EVT-043,2026-07-09,2026-07-09,China,Technology,Other,待阶段3原文复核,上海证券报·中国证券网-权威 价值 专业-www.cnstock.com/,页面级候选：自动读取确认页面含本周日期；具体事件事实与相关性待阶段3原文复核。,cnstock.com,Industry_Media,https://www.cnstock.com/,Watch,,1,2,2,1.50,C,仅页面日期命中，或属于转载/列表页/重复事件，未形成可独立核实的本周事实。,Exclude,不作为本周判断依据。,无独立决策增量。,如出现官方原文或独立任务节点再重新入库。,Pass_B 日期命中；不可直接作为正文事实。,Pass_B
2026-W28-EVT-046,2026-07-09,2026-07-09,US,Technology,Chip,待阶段3原文复核,AMD将于7月22日发布Zen 6架构新一代处理器- DoNews快讯,页面级候选：自动读取确认页面含本周日期；具体事件事实与相关性待阶段3原文复核。,donews.com,Industry_Media,https://www.donews.com/news/detail/8/6627489.html,Watch,,2,2,2,2.00,C,仅页面日期命中，或属于转载/列表页/重复事件，未形成可独立核实的本周事实。,Exclude,不作为本周判断依据。,无独立决策增量。,如出现官方原文或独立任务节点再重新入库。,Pass_A 日期命中；不可直接作为正文事实。,Pass_A
2026-W28-EVT-047,2026-07-09,2026-07-09,Global,Policy,Commercial_Space,待阶段3原文复核,"Federal Aviation Administration Launch and Reentry License Requirements Improvement Aerospace Rulemaking Committee (SpARC 450) Recommendation Report Sport Parachuting, Part 91 Revenue Passenger Carryi",页面级候选：自动读取确认页面含本周日期；具体事件事实与相关性待阶段3原文复核。,faa.gov,Official,https://www.faa.gov/space/news_updates,S_Core,,3,2,2,2.50,C,仅页面日期命中，或属于转载/列表页/重复事件，未形成可独立核实的本周事实。,Exclude,不作为本周判断依据。,无独立决策增量。,如出现官方原文或独立任务节点再重新入库。,Pass_B 日期命中；使用备用入口；不可直接作为正文事实。,Pass_B
2026-W28-EVT-051,2026-07-09,2026-07-09,China,Technology,Chip,待阶段3原文复核,青海通信管理局召开全省信息通信业2026年第一次总经理座谈会,页面级候选：自动读取确认页面含本周日期；具体事件事实与相关性待阶段3原文复核。,miit.gov.cn,Official,https://www.miit.gov.cn/xwfb/gxdt/dfdt/art/2026/art_61565c898510458fa7956e0260c7cc44.html,S_Core,,2,2,2,2.00,C,仅页面日期命中，或属于转载/列表页/重复事件，未形成可独立核实的本周事实。,Exclude,不作为本周判断依据。,无独立决策增量。,如出现官方原文或独立任务节点再重新入库。,Pass_A 日期命中；不可直接作为正文事实。,Pass_A
2026-W28-EVT-057,2026-07-09,2026-07-09,China,Policy,Other,待阶段3原文复核,政策解读-国家发展和改革委员会,页面级候选：自动读取确认页面含本周日期；具体事件事实与相关性待阶段3原文复核。,ndrc.gov.cn,Official,https://www.ndrc.gov.cn/xxgk/jd/jd/,S_Core,,1,2,2,1.50,C,仅页面日期命中，或属于转载/列表页/重复事件，未形成可独立核实的本周事实。,Exclude,不作为本周判断依据。,无独立决策增量。,如出现官方原文或独立任务节点再重新入库。,Pass_B 日期命中；不可直接作为正文事实。,Pass_B
2026-W28-EVT-063,2026-07-09,2026-07-09,Global,Technology,Commercial_Space,待阶段3原文复核,拍客日历 2026/7/12,页面级候选：自动读取确认页面含本周日期；具体事件事实与相关性待阶段3原文复核。,xinwen.bjd.com.cn,Industry_Media,https://xinwen.bjd.com.cn/content/s6a50e0c2e4b0e45f3fd46cf9.html,Watch,,3,2,2,2.50,C,仅页面日期命中，或属于转载/列表页/重复事件，未形成可独立核实的本周事实。,Exclude,不作为本周判断依据。,无独立决策增量。,如出现官方原文或独立任务节点再重新入库。,Pass_A 日期命中；不可直接作为正文事实。,Pass_A
2026-W28-EVT-116,2026-07-09,2026-07-09,China,Financing,Chip,武汉森木磊石科技有限公司,武汉森木磊石科技有限公司完成融资,融资轮次/事件：Financing；金额：未披露；投资方：申能诚毅；源码资本；英诺基金；业务方向：数字电源研发商。,企查查（境内）,Database,N/A,Manual,,2,3,3,2.50,C,企查查行业筛选后保留；正文选择按融资30%上限、三子板块下限、金额与路径优先级压减。,Database_Only,该交易已通过行业筛选，但现有披露不足以证明已形成太空算力商业闭环。,用于识别供应链能力、潜在合作方与竞争性资本流向。,产品指标、量产节点、付费客户与收入质量。,企查查全行业筛选；原币=-；RMB=-；USD=-；source_seq=49,Manual_QCC
2026-W28-EVT-121,2026-07-09,2026-07-09,China,Financing,Chip,深圳市舟鸿半导体科技有限公司,深圳市舟鸿半导体科技有限公司完成融资,融资轮次/事件：Financing；金额：未披露；投资方：华丰股份；业务方向：存储方案解决商。,企查查（境内）,Database,N/A,Manual,,2,3,3,2.50,C,企查查行业筛选后保留；正文选择按融资30%上限、三子板块下限、金额与路径优先级压减。,Database_Only,该交易已通过行业筛选，但现有披露不足以证明已形成太空算力商业闭环。,用于识别供应链能力、潜在合作方与竞争性资本流向。,产品指标、量产节点、付费客户与收入质量。,企查查全行业筛选；原币=-；RMB=-；USD=-；source_seq=60,Manual_QCC
2026-W28-EVT-125,2026-07-09,2026-07-09,China,Financing,Chip,上海芯星元智能科技有限公司,上海芯星元智能科技有限公司完成融资,融资轮次/事件：Financing；金额：RMB 数千万元（约 USD 数百万）；投资方：五源资本；业务方向：AI与芯片设计深度融合平台提供商。,企查查（境内）,Database,N/A,Manual,,2,3,3,2.50,C,企查查行业筛选后保留；正文选择按融资30%上限、三子板块下限、金额与路径优先级压减。,Database_Only,该交易已通过行业筛选，但现有披露不足以证明已形成太空算力商业闭环。,用于识别供应链能力、潜在合作方与竞争性资本流向。,产品指标、量产节点、付费客户与收入质量。,企查查全行业筛选；原币=数千万元；RMB=RMB 数千万元；USD=约 USD 数百万；source_seq=81,Manual_QCC
2026-W28-EVT-152,2026-07-09,2026-07-09,美国,Financing,AI,Ollama,Ollama完成融资,融资轮次/事件：Financing；金额：USD 65M（约 RMB 4.42亿元）；投资方：Theory Ventures；8VC；Benchmark Capital；GTMfund；Pace Capital；Y Combinator；， 49 Palms；业务方向：开源平台提供商。,企查查（境外）,Database,N/A,Manual,,2,3,3,2.50,C,企查查行业筛选后保留；正文选择按融资30%上限、三子板块下限、金额与路径优先级压减。,Database_Only,该交易已通过行业筛选，但现有披露不足以证明已形成太空算力商业闭环。,用于识别供应链能力、潜在合作方与竞争性资本流向。,产品指标、量产节点、付费客户与收入质量。,企查查全行业筛选；原币=6500万美元；RMB=约 RMB 4.42亿元；USD=USD 65M；source_seq=15,Manual_QCC
2026-W28-EVT-154,2026-07-09,2026-07-09,德国,Financing,Chip,QuantumDiamonds,QuantumDiamonds完成融资,融资轮次/事件：Financing；金额：USD 91M（约 RMB 6.19亿元）；投资方：World Fund；业务方向：量子传感技术研发应用服务商。,企查查（境外）,Database,N/A,Manual,,2,3,3,2.50,C,企查查行业筛选后保留；正文选择按融资30%上限、三子板块下限、金额与路径优先级压减。,Database_Only,该交易已通过行业筛选，但现有披露不足以证明已形成太空算力商业闭环。,用于识别供应链能力、潜在合作方与竞争性资本流向。,产品指标、量产节点、付费客户与收入质量。,企查查全行业筛选；原币=9100万美元；RMB=约 RMB 6.19亿元；USD=USD 91M；source_seq=18,Manual_QCC
2026-W28-EVT-105,2026-07-10,2026-07-10,China,Financing,Chip,智仑新材料科技（西安）有限公司,智仑新材料科技（西安）有限公司完成融资,融资轮次/事件：Financing；金额：RMB 超亿元（> USD 14.71M）；投资方：中兴通讯；传音控股；华勤技术；舜宇光学科技；业务方向：超高纯电子级环氧树脂生产商。,企查查（境内）,Database,N/A,Manual,,2,3,3,2.50,C,企查查行业筛选后保留；正文选择按融资30%上限、三子板块下限、金额与路径优先级压减。,Database_Only,该交易已通过行业筛选，但现有披露不足以证明已形成太空算力商业闭环。,用于识别供应链能力、潜在合作方与竞争性资本流向。,产品指标、量产节点、付费客户与收入质量。,企查查全行业筛选；原币=超亿元；RMB=RMB 超亿元；USD=> USD 14.71M；source_seq=10,Manual_QCC
2026-W28-EVT-107,2026-07-10,2026-07-10,China,Financing,Chip,六式格玛半导体科技（苏州）有限公司,六式格玛半导体科技（苏州）有限公司完成融资,融资轮次/事件：Financing；金额：未披露；投资方：恒越创投；紫峰资本；新磊半导体；凯风创投；业务方向：高性能电源管理产品服务提供商。,企查查（境内）,Database,N/A,Manual,,2,3,3,2.50,C,企查查行业筛选后保留；正文选择按融资30%上限、三子板块下限、金额与路径优先级压减。,Database_Only,该交易已通过行业筛选，但现有披露不足以证明已形成太空算力商业闭环。,用于识别供应链能力、潜在合作方与竞争性资本流向。,产品指标、量产节点、付费客户与收入质量。,企查查全行业筛选；原币=-；RMB=-；USD=-；source_seq=13,Manual_QCC
2026-W28-EVT-109,2026-07-10,2026-07-10,China,Financing,Chip,中山芯承半导体有限公司,中山芯承半导体有限公司完成融资,融资轮次/事件：Financing；金额：未披露；投资方：燕创集团；石溪资本；业务方向：半导体供应商。,企查查（境内）,Database,N/A,Manual,,2,3,3,2.50,C,企查查行业筛选后保留；正文选择按融资30%上限、三子板块下限、金额与路径优先级压减。,Database_Only,该交易已通过行业筛选，但现有披露不足以证明已形成太空算力商业闭环。,用于识别供应链能力、潜在合作方与竞争性资本流向。,产品指标、量产节点、付费客户与收入质量。,企查查全行业筛选；原币=-；RMB=-；USD=-；source_seq=19,Manual_QCC
2026-W28-EVT-111,2026-07-10,2026-07-10,China,Financing,AI,零动未来（深圳）科技有限公司,零动未来（深圳）科技有限公司完成融资,融资轮次/事件：Financing；金额：未披露；投资方：风投侠；大米创投；业务方向：AI硬件产品研发商。,企查查（境内）,Database,N/A,Manual,,2,3,3,2.50,C,企查查行业筛选后保留；正文选择按融资30%上限、三子板块下限、金额与路径优先级压减。,Database_Only,该交易已通过行业筛选，但现有披露不足以证明已形成太空算力商业闭环。,用于识别供应链能力、潜在合作方与竞争性资本流向。,产品指标、量产节点、付费客户与收入质量。,企查查全行业筛选；原币=-；RMB=-；USD=-；source_seq=29,Manual_QCC
2026-W28-EVT-113,2026-07-10,2026-07-10,China,Financing,Chip,武汉英睿红外科技有限公司,武汉英睿红外科技有限公司完成融资,融资轮次/事件：Financing；金额：未披露；投资方：光谷科创投；武汉光谷产业投资基金；业务方向：胶体量子点短波红外成像芯片研发商。,企查查（境内）,Database,N/A,Manual,,2,3,3,2.50,C,企查查行业筛选后保留；正文选择按融资30%上限、三子板块下限、金额与路径优先级压减。,Database_Only,该交易已通过行业筛选，但现有披露不足以证明已形成太空算力商业闭环。,用于识别供应链能力、潜在合作方与竞争性资本流向。,产品指标、量产节点、付费客户与收入质量。,企查查全行业筛选；原币=-；RMB=-；USD=-；source_seq=40,Manual_QCC
2026-W28-EVT-114,2026-07-10,2026-07-10,China,Financing,Chip,合肥功立德半导体科技有限公司,合肥功立德半导体科技有限公司完成融资,融资轮次/事件：Financing；金额：未披露；投资方：兴泰创投；业务方向：半导体分立器件生产商。,企查查（境内）,Database,N/A,Manual,,2,3,3,2.50,C,企查查行业筛选后保留；正文选择按融资30%上限、三子板块下限、金额与路径优先级压减。,Database_Only,该交易已通过行业筛选，但现有披露不足以证明已形成太空算力商业闭环。,用于识别供应链能力、潜在合作方与竞争性资本流向。,产品指标、量产节点、付费客户与收入质量。,企查查全行业筛选；原币=-；RMB=-；USD=-；source_seq=44,Manual_QCC
2026-W28-EVT-115,2026-07-10,2026-07-10,China,Financing,Chip,重庆凌芯微电子有限公司,重庆凌芯微电子有限公司完成融资,融资轮次/事件：Financing；金额：未披露；投资方：太和基金；业务方向：半导体中后段工艺创新技术研发商。,企查查（境内）,Database,N/A,Manual,,2,3,3,2.50,C,企查查行业筛选后保留；正文选择按融资30%上限、三子板块下限、金额与路径优先级压减。,Database_Only,该交易已通过行业筛选，但现有披露不足以证明已形成太空算力商业闭环。,用于识别供应链能力、潜在合作方与竞争性资本流向。,产品指标、量产节点、付费客户与收入质量。,企查查全行业筛选；原币=-；RMB=-；USD=-；source_seq=45,Manual_QCC
2026-W28-EVT-150,2026-07-10,2026-07-10,-,Financing,AI,Databento,Databento完成融资,融资轮次/事件：Financing；金额：USD 97M（约 RMB 6.59亿元）；投资方：NEA恩颐投资；DRW Venture Capital；Redpoint Ventures；Tribe Capital；业务方向：数据分析提供商。,企查查（境外）,Database,N/A,Manual,,2,3,3,2.50,C,企查查行业筛选后保留；正文选择按融资30%上限、三子板块下限、金额与路径优先级压减。,Database_Only,该交易已通过行业筛选，但现有披露不足以证明已形成太空算力商业闭环。,用于识别供应链能力、潜在合作方与竞争性资本流向。,产品指标、量产节点、付费客户与收入质量。,企查查全行业筛选；原币=9700万美元；RMB=约 RMB 6.59亿元；USD=USD 97M；source_seq=7,Manual_QCC
2026-W28-EVT-103,2026-07-12,2026-07-12,China,Financing,Chip,深圳市海塞姆科技有限公司,深圳市海塞姆科技有限公司完成融资,融资轮次/事件：Financing；金额：未披露；投资方：东科创资本；业务方向：DIC视觉传感技术方案提供商。,企查查（境内）,Database,N/A,Manual,,2,3,3,2.50,C,企查查行业筛选后保留；正文选择按融资30%上限、三子板块下限、金额与路径优先级压减。,Database_Only,该交易已通过行业筛选，但现有披露不足以证明已形成太空算力商业闭环。,用于识别供应链能力、潜在合作方与竞争性资本流向。,产品指标、量产节点、付费客户与收入质量。,企查查全行业筛选；原币=-；RMB=-；USD=-；source_seq=1,Manual_QCC
